"@timestamp","system.memory.used.pct"
"Mar 26, 2021 @ 16:24:33.478","98.41%"
"Mar 26, 2021 @ 16:24:34.478","98.43%"
"Mar 26, 2021 @ 16:24:35.478","98.35%"
"Mar 26, 2021 @ 16:24:36.478","98.32%"
"Mar 26, 2021 @ 16:24:37.479","98.31%"
"Mar 26, 2021 @ 16:24:38.478","98.32%"
"Mar 26, 2021 @ 16:24:38.932","10.84%"
"Mar 26, 2021 @ 16:24:39.478","98.32%"
"Mar 26, 2021 @ 16:24:39.933","10.86%"
"Mar 26, 2021 @ 16:24:40.478","98.31%"
"Mar 26, 2021 @ 16:24:40.933","10.92%"
"Mar 26, 2021 @ 16:24:41.478","98.3%"
"Mar 26, 2021 @ 16:24:41.933","10.92%"
"Mar 26, 2021 @ 16:24:42.478","98.3%"
"Mar 26, 2021 @ 16:24:42.933","11%"
"Mar 26, 2021 @ 16:24:43.478","98.3%"
"Mar 26, 2021 @ 16:24:43.933","11.03%"
"Mar 26, 2021 @ 16:24:44.478","98.3%"
"Mar 26, 2021 @ 16:24:44.933","11.05%"
"Mar 26, 2021 @ 16:24:45.478","98.31%"
"Mar 26, 2021 @ 16:24:45.933","11.16%"
"Mar 26, 2021 @ 16:24:46.478","98.32%"
"Mar 26, 2021 @ 16:24:46.940","11.22%"
"Mar 26, 2021 @ 16:24:47.478","98.31%"
"Mar 26, 2021 @ 16:24:47.933","11.28%"
"Mar 26, 2021 @ 16:24:48.478","98.29%"
"Mar 26, 2021 @ 16:24:48.933","11.37%"
"Mar 26, 2021 @ 16:24:49.478","98.43%"
"Mar 26, 2021 @ 16:24:49.933","11.53%"
"Mar 26, 2021 @ 16:24:50.478","98.38%"
"Mar 26, 2021 @ 16:24:50.933","11.59%"
"Mar 26, 2021 @ 16:24:51.478","98.32%"
"Mar 26, 2021 @ 16:24:51.933","11.69%"
"Mar 26, 2021 @ 16:24:52.478","98.32%"
"Mar 26, 2021 @ 16:24:52.933","11.72%"
"Mar 26, 2021 @ 16:24:53.478","98.44%"
"Mar 26, 2021 @ 16:24:53.933","11.78%"
"Mar 26, 2021 @ 16:24:54.478","98.41%"
"Mar 26, 2021 @ 16:24:54.933","11.79%"
"Mar 26, 2021 @ 16:24:55.478","98.35%"
"Mar 26, 2021 @ 16:24:55.933","11.81%"
"Mar 26, 2021 @ 16:24:56.478","98.41%"
"Mar 26, 2021 @ 16:24:56.933","11.83%"
"Mar 26, 2021 @ 16:24:57.478","98.35%"
"Mar 26, 2021 @ 16:24:57.933","11.86%"
"Mar 26, 2021 @ 16:24:58.478","98.33%"
"Mar 26, 2021 @ 16:24:58.933","11.86%"
"Mar 26, 2021 @ 16:24:59.478","98.41%"
"Mar 26, 2021 @ 16:24:59.933","11.91%"
"Mar 26, 2021 @ 16:25:00.478","98.25%"
"Mar 26, 2021 @ 16:25:00.933","11.92%"
"Mar 26, 2021 @ 16:25:01.478","98.29%"
"Mar 26, 2021 @ 16:25:01.933","11.98%"
"Mar 26, 2021 @ 16:25:02.478","98.24%"
"Mar 26, 2021 @ 16:25:02.933","12.02%"
"Mar 26, 2021 @ 16:25:03.478","98.19%"
"Mar 26, 2021 @ 16:25:03.933","12.03%"
"Mar 26, 2021 @ 16:25:04.478","98.29%"
"Mar 26, 2021 @ 16:25:04.933","12.08%"
"Mar 26, 2021 @ 16:25:05.478","98.22%"
"Mar 26, 2021 @ 16:25:05.933","12.1%"
"Mar 26, 2021 @ 16:25:06.478","98.32%"
"Mar 26, 2021 @ 16:25:06.933","12.16%"
"Mar 26, 2021 @ 16:25:07.478","98.26%"
"Mar 26, 2021 @ 16:25:07.933","12.23%"
"Mar 26, 2021 @ 16:25:08.478","98.2%"
"Mar 26, 2021 @ 16:25:08.933","12.27%"
"Mar 26, 2021 @ 16:25:09.478","98.32%"
"Mar 26, 2021 @ 16:25:09.933","12.3%"
"Mar 26, 2021 @ 16:25:10.478","98.27%"
"Mar 26, 2021 @ 16:25:10.933","12.4%"
"Mar 26, 2021 @ 16:25:11.478","98.3%"
"Mar 26, 2021 @ 16:25:11.933","12.44%"
"Mar 26, 2021 @ 16:25:12.478","98.23%"
"Mar 26, 2021 @ 16:25:12.933","12.47%"
"Mar 26, 2021 @ 16:25:13.478","98.21%"
"Mar 26, 2021 @ 16:25:13.933","12.53%"
"Mar 26, 2021 @ 16:25:14.478","98.29%"
"Mar 26, 2021 @ 16:25:14.933","12.62%"
"Mar 26, 2021 @ 16:25:15.478","98.13%"
"Mar 26, 2021 @ 16:25:15.933","12.64%"
"Mar 26, 2021 @ 16:25:16.478","98.24%"
"Mar 26, 2021 @ 16:25:16.933","12.66%"
"Mar 26, 2021 @ 16:25:17.478","98.18%"
"Mar 26, 2021 @ 16:25:17.933","12.68%"
"Mar 26, 2021 @ 16:25:18.478","98.18%"
"Mar 26, 2021 @ 16:25:18.933","12.7%"
"Mar 26, 2021 @ 16:25:19.478","98.27%"
"Mar 26, 2021 @ 16:25:19.933","12.73%"
"Mar 26, 2021 @ 16:25:20.478","98.19%"
"Mar 26, 2021 @ 16:25:20.933","12.74%"
"Mar 26, 2021 @ 16:25:21.478","98.17%"
"Mar 26, 2021 @ 16:25:21.933","12.79%"
"Mar 26, 2021 @ 16:25:22.478","98.23%"
"Mar 26, 2021 @ 16:25:22.933","12.81%"
"Mar 26, 2021 @ 16:25:23.478","98.16%"
"Mar 26, 2021 @ 16:25:23.933","12.83%"
"Mar 26, 2021 @ 16:25:24.478","98.21%"
"Mar 26, 2021 @ 16:25:24.933","12.89%"
"Mar 26, 2021 @ 16:25:25.478","98.14%"
"Mar 26, 2021 @ 16:25:25.933","12.91%"
"Mar 26, 2021 @ 16:25:26.478","98.12%"
"Mar 26, 2021 @ 16:25:26.933","12.95%"
"Mar 26, 2021 @ 16:25:27.478","98.24%"
"Mar 26, 2021 @ 16:25:27.933","13%"
"Mar 26, 2021 @ 16:25:28.478","98.18%"
"Mar 26, 2021 @ 16:25:28.933","13.03%"
"Mar 26, 2021 @ 16:25:29.478","98.25%"
"Mar 26, 2021 @ 16:25:29.933","13.05%"
"Mar 26, 2021 @ 16:25:30.478","98.19%"
"Mar 26, 2021 @ 16:25:30.933","13.12%"
"Mar 26, 2021 @ 16:25:31.478","98.2%"
"Mar 26, 2021 @ 16:25:31.933","13.2%"
"Mar 26, 2021 @ 16:25:32.478","98.24%"
"Mar 26, 2021 @ 16:25:32.933","13.23%"
"Mar 26, 2021 @ 16:25:33.478","98.15%"
"Mar 26, 2021 @ 16:25:33.933","13.3%"
"Mar 26, 2021 @ 16:25:34.478","98.22%"
"Mar 26, 2021 @ 16:25:34.933","13.34%"
"Mar 26, 2021 @ 16:25:35.478","98.15%"
"Mar 26, 2021 @ 16:25:35.933","13.41%"
"Mar 26, 2021 @ 16:25:36.478","98.16%"
"Mar 26, 2021 @ 16:25:36.933","13.41%"
"Mar 26, 2021 @ 16:25:37.478","98.26%"
"Mar 26, 2021 @ 16:25:37.933","13.5%"
"Mar 26, 2021 @ 16:25:38.478","98.19%"
"Mar 26, 2021 @ 16:25:38.933","13.52%"
"Mar 26, 2021 @ 16:25:39.478","98.23%"
"Mar 26, 2021 @ 16:25:39.933","13.53%"
"Mar 26, 2021 @ 16:25:40.478","98.16%"
"Mar 26, 2021 @ 16:25:40.933","13.44%"
"Mar 26, 2021 @ 16:25:41.478","98.25%"
"Mar 26, 2021 @ 16:25:41.933","13.44%"
"Mar 26, 2021 @ 16:25:42.478","98.19%"
"Mar 26, 2021 @ 16:25:42.933","13.45%"
"Mar 26, 2021 @ 16:25:43.478","98.2%"
"Mar 26, 2021 @ 16:25:43.933","13.45%"
"Mar 26, 2021 @ 16:25:44.478","98.29%"
"Mar 26, 2021 @ 16:25:44.933","13.45%"
"Mar 26, 2021 @ 16:25:45.478","98.2%"
"Mar 26, 2021 @ 16:25:45.933","13.45%"
"Mar 26, 2021 @ 16:25:46.479","98.2%"
"Mar 26, 2021 @ 16:25:46.933","13.45%"
"Mar 26, 2021 @ 16:25:47.478","98.21%"
"Mar 26, 2021 @ 16:25:47.933","13.45%"
"Mar 26, 2021 @ 16:25:48.478","98.12%"
"Mar 26, 2021 @ 16:25:48.933","13.46%"
"Mar 26, 2021 @ 16:25:49.478","98.2%"
"Mar 26, 2021 @ 16:25:49.933","13.46%"
"Mar 26, 2021 @ 16:25:50.478","98.14%"
"Mar 26, 2021 @ 16:25:50.933","13.46%"
"Mar 26, 2021 @ 16:25:51.478","98.26%"
"Mar 26, 2021 @ 16:25:51.933","13.46%"
"Mar 26, 2021 @ 16:25:52.478","98.19%"
"Mar 26, 2021 @ 16:25:52.933","13.46%"
"Mar 26, 2021 @ 16:25:53.478","98.18%"
"Mar 26, 2021 @ 16:25:53.933","13.46%"
"Mar 26, 2021 @ 16:25:54.478","98.27%"
"Mar 26, 2021 @ 16:25:54.933","13.47%"
"Mar 26, 2021 @ 16:25:55.478","98.21%"
"Mar 26, 2021 @ 16:25:55.933","13.46%"
"Mar 26, 2021 @ 16:25:56.478","98.21%"
"Mar 26, 2021 @ 16:25:56.933","13.46%"
"Mar 26, 2021 @ 16:25:57.478","98.28%"
"Mar 26, 2021 @ 16:25:57.933","13.46%"
"Mar 26, 2021 @ 16:25:58.478","98.26%"
"Mar 26, 2021 @ 16:25:58.933","13.46%"
"Mar 26, 2021 @ 16:25:59.478","98.4%"
"Mar 26, 2021 @ 16:25:59.933","13.46%"
"Mar 26, 2021 @ 16:26:00.484","98.3%"
"Mar 26, 2021 @ 16:26:00.933","13.46%"
"Mar 26, 2021 @ 16:26:01.478","98.21%"
"Mar 26, 2021 @ 16:26:01.933","13.46%"
"Mar 26, 2021 @ 16:26:02.478","98.16%"
"Mar 26, 2021 @ 16:26:02.933","13.46%"
"Mar 26, 2021 @ 16:26:03.478","98.24%"
"Mar 26, 2021 @ 16:26:03.933","13.46%"
"Mar 26, 2021 @ 16:26:04.478","98.26%"
"Mar 26, 2021 @ 16:26:04.933","13.46%"
"Mar 26, 2021 @ 16:26:05.478","98.27%"
"Mar 26, 2021 @ 16:26:05.933","13.47%"
"Mar 26, 2021 @ 16:26:06.478","98.3%"
"Mar 26, 2021 @ 16:26:06.933","13.47%"
"Mar 26, 2021 @ 16:26:07.478","98.24%"
"Mar 26, 2021 @ 16:26:07.933","13.47%"
"Mar 26, 2021 @ 16:26:08.478","98.23%"
"Mar 26, 2021 @ 16:26:08.933","13.47%"
"Mar 26, 2021 @ 16:26:09.478","98.31%"
"Mar 26, 2021 @ 16:26:09.933","13.54%"
"Mar 26, 2021 @ 16:26:10.478","98.26%"
"Mar 26, 2021 @ 16:26:10.933","13.69%"
"Mar 26, 2021 @ 16:26:11.478","98.27%"
"Mar 26, 2021 @ 16:26:11.933","13.73%"
"Mar 26, 2021 @ 16:26:12.478","98.24%"
"Mar 26, 2021 @ 16:26:13.478","98.22%"
"Mar 26, 2021 @ 16:26:14.478","98.16%"
"Mar 26, 2021 @ 16:26:15.478","98.16%"
"Mar 26, 2021 @ 16:26:16.478","98.16%"
"Mar 26, 2021 @ 16:26:17.478","98.16%"
"Mar 26, 2021 @ 16:26:18.478","98.16%"
"Mar 26, 2021 @ 16:26:19.478","98.17%"
"Mar 26, 2021 @ 16:26:20.478","98.1%"
"Mar 26, 2021 @ 16:26:21.478","98.1%"
"Mar 26, 2021 @ 16:26:22.478","98.09%"
"Mar 26, 2021 @ 16:26:23.478","98.1%"
"Mar 26, 2021 @ 16:26:24.478","98.09%"
"Mar 26, 2021 @ 16:26:25.478","98.09%"
"Mar 26, 2021 @ 16:26:26.478","98.1%"
"Mar 26, 2021 @ 16:26:27.478","98.1%"
"Mar 26, 2021 @ 16:26:28.478","98.15%"
"Mar 26, 2021 @ 16:26:29.478","98.24%"
