@timestamp,system.memory.used.pct
2021-09-30 16:42:56.593000,8.61
2021-09-30 16:42:57.593000,8.649999999999999
2021-09-30 16:42:58.593000,8.74
2021-09-30 16:42:59.593000,8.83
2021-09-30 16:43:00.593000,8.83
2021-09-30 16:43:16.593000,10.6
2021-09-30 16:43:17.593000,10.61
2021-09-30 16:43:18.593000,10.77
2021-09-30 16:43:19.593000,11.200000000000001
2021-09-30 16:43:20.593000,11.379999999999999
2021-09-30 16:43:21.593000,11.52
2021-09-30 16:43:06.593000,9.13
2021-09-30 16:43:07.593000,9.17
2021-09-30 16:43:08.593000,9.25
2021-09-30 16:43:09.593000,9.28
2021-09-30 16:43:10.593000,9.33
2021-09-30 16:43:11.593000,9.41
2021-09-30 16:42:41.593000,8.290000000000001
2021-09-30 16:42:42.593000,8.36
2021-09-30 16:42:43.593000,8.33
2021-09-30 16:42:44.593000,8.260000000000002
2021-09-30 16:42:45.593000,8.28
2021-09-30 16:42:46.595000,8.35
2021-09-30 16:42:47.593000,8.59
2021-09-30 16:42:48.593000,8.66
2021-09-30 16:42:49.593000,8.41
2021-09-30 16:42:50.593000,8.41
2021-09-30 16:42:51.593000,8.41
2021-09-30 16:42:52.593000,8.41
2021-09-30 16:42:53.593000,8.38
2021-09-30 16:42:54.593000,8.48
2021-09-30 16:42:55.593000,8.81
2021-09-30 16:43:01.593000,8.85
2021-09-30 16:43:02.593000,8.88
2021-09-30 16:43:03.593000,8.91
2021-09-30 16:43:04.593000,8.93
2021-09-30 16:43:05.593000,9.09
2021-09-30 16:43:12.593000,9.46
2021-09-30 16:43:13.593000,9.56
2021-09-30 16:43:14.593000,9.98
2021-09-30 16:43:15.593000,10.54
2021-09-30 16:44:21.593000,26.700000000000003
2021-09-30 16:44:22.593000,26.790000000000003
2021-09-30 16:44:23.593000,26.87
2021-09-30 16:44:24.593000,27.26
2021-09-30 16:44:25.593000,27.310000000000002
2021-09-30 16:44:26.593000,27.68
2021-09-30 16:44:31.593000,28.74
2021-09-30 16:44:32.593000,28.87
2021-09-30 16:44:33.593000,29.160000000000004
2021-09-30 16:44:34.593000,29.439999999999998
2021-09-30 16:44:35.593000,29.54
2021-09-30 16:44:36.593000,29.549999999999997
2021-09-30 16:44:42.593000,30.43
2021-09-30 16:44:43.593000,30.78
2021-09-30 16:44:44.593000,30.84
2021-09-30 16:44:45.593000,31.16
2021-09-30 16:44:46.593000,31.380000000000003
2021-09-30 16:44:11.593000,24.54
2021-09-30 16:44:12.593000,24.98
2021-09-30 16:44:13.593000,25.19
2021-09-30 16:44:14.593000,25.569999999999997
2021-09-30 16:44:15.593000,25.869999999999997
2021-09-30 16:44:16.593000,26.05
2021-09-30 16:44:07.593000,23.830000000000002
2021-09-30 16:44:08.593000,23.93
2021-09-30 16:44:09.593000,24.0
2021-09-30 16:44:10.593000,24.25
2021-09-30 16:44:27.593000,27.99
2021-09-30 16:44:28.593000,28.139999999999997
2021-09-30 16:44:29.593000,28.349999999999998
2021-09-30 16:44:30.593000,28.62
2021-09-30 16:44:17.593000,26.479999999999997
2021-09-30 16:44:18.593000,26.51
2021-09-30 16:44:19.593000,26.6
2021-09-30 16:44:20.593000,26.61
2021-09-30 16:44:37.593000,29.62
2021-09-30 16:44:38.593000,29.7
2021-09-30 16:44:39.593000,29.79
2021-09-30 16:44:40.593000,29.849999999999998
2021-09-30 16:44:41.593000,30.11
2021-09-30 16:42:40.590000,8.110000000000001
2021-09-30 16:43:56.593000,21.34
2021-09-30 16:43:57.593000,21.42
2021-09-30 16:43:58.593000,21.45
2021-09-30 16:43:59.593000,21.84
2021-09-30 16:44:00.593000,21.94
2021-09-30 16:44:01.593000,22.36
2021-09-30 16:43:41.593000,18.19
2021-09-30 16:43:42.593000,18.77
2021-09-30 16:43:43.595000,18.75
2021-09-30 16:43:44.593000,18.81
2021-09-30 16:43:45.594000,18.85
2021-09-30 16:43:46.593000,18.91
2021-09-30 16:43:47.593000,18.91
2021-09-30 16:43:48.594000,19.18
2021-09-30 16:43:49.593000,19.49
2021-09-30 16:43:50.593000,19.82
2021-09-30 16:43:51.593000,20.39
2021-09-30 16:43:31.593000,14.12
2021-09-30 16:43:32.593000,14.29
2021-09-30 16:43:33.593000,14.63
2021-09-30 16:43:34.593000,15.690000000000001
2021-09-30 16:43:35.593000,15.98
2021-09-30 16:43:36.593000,16.38
2021-09-30 16:43:22.593000,11.68
2021-09-30 16:43:23.593000,11.78
2021-09-30 16:43:24.593000,11.81
2021-09-30 16:43:25.593000,12.18
2021-09-30 16:44:02.593000,22.62
2021-09-30 16:44:03.593000,22.96
2021-09-30 16:44:04.593000,23.200000000000003
2021-09-30 16:44:05.593000,23.39
2021-09-30 16:44:06.593000,23.68
2021-09-30 16:43:26.593000,13.22
2021-09-30 16:43:27.593000,13.950000000000001
2021-09-30 16:43:28.593000,13.99
2021-09-30 16:43:29.593000,14.04
2021-09-30 16:43:30.593000,14.069999999999999
2021-09-30 16:43:52.593000,20.630000000000003
2021-09-30 16:43:53.593000,21.09
2021-09-30 16:43:54.593000,21.18
2021-09-30 16:43:55.593000,21.26
2021-09-30 16:43:37.593000,16.54
2021-09-30 16:43:38.593000,16.84
2021-09-30 16:43:39.593000,17.1
2021-09-30 16:43:40.593000,17.740000000000002
2021-09-30 16:45:22.593000,36.91
2021-09-30 16:45:23.593000,37.09
2021-09-30 16:45:24.593000,37.34
2021-09-30 16:45:25.593000,37.669999999999995
2021-09-30 16:45:26.593000,37.88
2021-09-30 16:44:52.593000,32.75
2021-09-30 16:44:53.593000,32.87
2021-09-30 16:44:54.593000,32.879999999999995
2021-09-30 16:44:55.593000,32.940000000000005
2021-09-30 16:44:56.593000,33.019999999999996
2021-09-30 16:45:02.593000,33.54
2021-09-30 16:45:03.593000,33.629999999999995
2021-09-30 16:45:04.593000,34.13
2021-09-30 16:45:05.593000,34.01
2021-09-30 16:45:06.593000,34.37
2021-09-30 16:45:07.593000,34.65
2021-09-30 16:45:12.593000,35.82
2021-09-30 16:45:13.593000,36.09
2021-09-30 16:45:14.593000,36.43
2021-09-30 16:45:15.593000,36.49
2021-09-30 16:45:16.593000,36.53
2021-09-30 16:45:17.593000,36.64
2021-09-30 16:45:08.593000,34.839999999999996
2021-09-30 16:45:09.593000,35.05
2021-09-30 16:45:10.593000,35.36
2021-09-30 16:45:11.593000,35.61
2021-09-30 16:44:47.593000,31.69
2021-09-30 16:44:48.593000,31.869999999999997
2021-09-30 16:44:49.593000,32.06
2021-09-30 16:44:50.593000,32.26
2021-09-30 16:44:51.593000,32.269999999999996
2021-09-30 16:44:57.593000,33.11
2021-09-30 16:44:58.593000,33.17
2021-09-30 16:44:59.593000,33.29
2021-09-30 16:45:00.593000,33.35
2021-09-30 16:45:01.593000,33.48
2021-09-30 16:45:19.593000,36.71
2021-09-30 16:45:20.593000,36.83
2021-09-30 16:45:21.593000,36.9
2021-09-30 16:46:07.593000,42.05
2021-09-30 16:46:08.593000,42.370000000000005
2021-09-30 16:46:09.593000,42.620000000000005
2021-09-30 16:46:10.593000,42.77
2021-09-30 16:46:11.593000,42.9
2021-09-30 16:46:12.593000,43.120000000000005
2021-09-30 16:45:27.593000,38.11
2021-09-30 16:45:28.593000,38.269999999999996
2021-09-30 16:45:29.593000,38.32
2021-09-30 16:45:30.593000,38.58
2021-09-30 16:45:31.593000,38.75
2021-09-30 16:45:32.593000,38.86
2021-09-30 16:45:48.593000,40.81
2021-09-30 16:45:49.593000,40.97
2021-09-30 16:45:50.593000,40.96
2021-09-30 16:45:51.593000,41.05
2021-09-30 16:45:52.593000,41.04
2021-09-30 16:45:37.593000,39.67
2021-09-30 16:45:38.593000,39.79
2021-09-30 16:45:39.593000,39.900000000000006
2021-09-30 16:45:40.593000,39.96
2021-09-30 16:45:41.593000,40.0
2021-09-30 16:45:57.593000,41.370000000000005
2021-09-30 16:45:58.593000,41.370000000000005
2021-09-30 16:45:59.593000,41.11
2021-09-30 16:46:00.593000,41.160000000000004
2021-09-30 16:46:01.593000,41.23
2021-09-30 16:46:02.593000,41.29
2021-09-30 16:45:42.593000,40.03
2021-09-30 16:45:43.593000,40.14
2021-09-30 16:45:44.593000,40.2
2021-09-30 16:45:45.593000,40.28
2021-09-30 16:45:46.593000,40.339999999999996
2021-09-30 16:45:47.593000,40.6
2021-09-30 16:46:03.593000,41.370000000000005
2021-09-30 16:46:04.593000,41.38
2021-09-30 16:46:05.593000,41.699999999999996
2021-09-30 16:46:06.593000,41.77
2021-09-30 16:45:33.593000,38.99
2021-09-30 16:45:34.593000,39.12
2021-09-30 16:45:35.593000,39.46
2021-09-30 16:45:36.593000,39.58
2021-09-30 16:45:53.593000,41.13
2021-09-30 16:45:54.593000,41.18
2021-09-30 16:45:55.593000,41.260000000000005
2021-09-30 16:45:56.593000,41.33
2021-09-30 16:45:18.593000,36.64
2021-09-30 16:46:13.593000,43.309999999999995
2021-09-30 16:46:14.593000,43.480000000000004
2021-09-30 16:46:15.593000,43.62
2021-09-30 16:46:16.593000,43.78
2021-09-30 16:46:17.593000,43.87
2021-09-30 16:46:23.593000,44.79
2021-09-30 16:46:24.593000,44.76
2021-09-30 16:46:25.593000,44.879999999999995
2021-09-30 16:46:26.593000,44.91
2021-09-30 16:46:18.593000,44.019999999999996
2021-09-30 16:46:19.593000,44.03
2021-09-30 16:46:20.593000,44.14
2021-09-30 16:46:21.593000,44.519999999999996
2021-09-30 16:46:22.593000,44.71
