"@timestamp","system.cpu.total.norm.pct","agent.hostname"
"Mar 31, 2021 @ 17:01:01.863","91.86%","ip-172-31-9-91"
"Mar 31, 2021 @ 17:00:56.863","97.49%","ip-172-31-9-91"
"Mar 31, 2021 @ 17:00:51.864","97.18%","ip-172-31-9-91"
"Mar 31, 2021 @ 17:00:46.863","94.06%","ip-172-31-9-91"
"Mar 31, 2021 @ 17:00:41.863","35.44%","ip-172-31-9-91"
"Mar 31, 2021 @ 17:00:36.863","12.26%","ip-172-31-9-91"
"Mar 31, 2021 @ 17:00:31.863","8.57%","ip-172-31-9-91"
"Mar 31, 2021 @ 17:00:26.863","18.62%","ip-172-31-9-91"
"Mar 31, 2021 @ 17:00:21.863","7.06%","ip-172-31-9-91"
"Mar 31, 2021 @ 17:00:16.863","11.22%","ip-172-31-9-91"
"Mar 31, 2021 @ 17:00:11.863","7.36%","ip-172-31-9-91"
"Mar 31, 2021 @ 17:00:06.863","6.11%","ip-172-31-9-91"
"Mar 31, 2021 @ 17:00:01.863","15.24%","ip-172-31-9-91"
"Mar 31, 2021 @ 16:59:56.863","5.83%","ip-172-31-9-91"
"Mar 31, 2021 @ 16:59:51.863","9.07%","ip-172-31-9-91"
"Mar 31, 2021 @ 16:59:46.863","12.89%","ip-172-31-9-91"
"Mar 31, 2021 @ 16:59:41.863","10.26%","ip-172-31-9-91"
"Mar 31, 2021 @ 16:59:36.863","16.62%","ip-172-31-9-91"
"Mar 31, 2021 @ 16:59:31.863","10.41%","ip-172-31-9-91"
"Mar 31, 2021 @ 16:59:26.863","15.2%","ip-172-31-9-91"
"Mar 31, 2021 @ 16:59:21.863","10.91%","ip-172-31-9-91"
"Mar 31, 2021 @ 16:59:16.863","13.78%","ip-172-31-9-91"
"Mar 31, 2021 @ 16:59:11.863","16.62%","ip-172-31-9-91"
"Mar 31, 2021 @ 16:59:06.863","10.41%","ip-172-31-9-91"
"Mar 31, 2021 @ 16:59:01.863","11.91%","ip-172-31-9-91"
"Mar 31, 2021 @ 16:58:56.863","9.71%","ip-172-31-9-91"
"Mar 31, 2021 @ 16:58:51.863","21.75%","ip-172-31-9-91"
"Mar 31, 2021 @ 16:58:46.863","17.84%","ip-172-31-9-91"
"Mar 31, 2021 @ 16:58:41.863","20.1%","ip-172-31-9-91"
"Mar 31, 2021 @ 16:58:36.863","13.93%","ip-172-31-9-91"
"Mar 31, 2021 @ 16:58:31.863","26.67%","ip-172-31-9-91"
"Mar 31, 2021 @ 16:58:26.863","13.69%","ip-172-31-9-91"
"Mar 31, 2021 @ 16:58:21.863","20.21%","ip-172-31-9-91"
"Mar 31, 2021 @ 16:58:16.863","26.51%","ip-172-31-9-91"
"Mar 31, 2021 @ 16:58:11.863","31.06%","ip-172-31-9-91"
"Mar 31, 2021 @ 16:58:06.863","16.68%","ip-172-31-9-91"
"Mar 31, 2021 @ 16:58:01.863","19.01%","ip-172-31-9-91"
"Mar 31, 2021 @ 16:57:56.863","26.94%","ip-172-31-9-91"
"Mar 31, 2021 @ 16:57:51.863","19.46%","ip-172-31-9-91"
"Mar 31, 2021 @ 16:57:46.863","19.74%","ip-172-31-9-91"
"Mar 31, 2021 @ 16:57:41.863","25.2%","ip-172-31-9-91"
"Mar 31, 2021 @ 16:57:36.864","17.75%","ip-172-31-9-91"
"Mar 31, 2021 @ 16:57:31.863","16.88%","ip-172-31-9-91"
"Mar 31, 2021 @ 16:57:26.863","23.35%","ip-172-31-9-91"
"Mar 31, 2021 @ 16:57:21.863","20.64%","ip-172-31-9-91"
"Mar 31, 2021 @ 16:57:16.863","19.03%","ip-172-31-9-91"
"Mar 31, 2021 @ 16:57:11.863","18.23%","ip-172-31-9-91"
"Mar 31, 2021 @ 16:57:06.863","19.83%","ip-172-31-9-91"
"Mar 31, 2021 @ 16:57:01.863","19.52%","ip-172-31-9-91"
"Mar 31, 2021 @ 16:56:56.863","16.65%","ip-172-31-9-91"
"Mar 31, 2021 @ 16:56:51.863","15.99%","ip-172-31-9-91"
"Mar 31, 2021 @ 16:56:46.863","16.33%","ip-172-31-9-91"
"Mar 31, 2021 @ 16:56:41.863","14.18%","ip-172-31-9-91"
"Mar 31, 2021 @ 16:56:36.863","18.6%","ip-172-31-9-91"
"Mar 31, 2021 @ 16:56:31.863","15.47%","ip-172-31-9-91"
"Mar 31, 2021 @ 16:56:26.863","15.8%","ip-172-31-9-91"
"Mar 31, 2021 @ 16:56:21.863","13.49%","ip-172-31-9-91"
"Mar 31, 2021 @ 16:56:16.863","10.84%","ip-172-31-9-91"
"Mar 31, 2021 @ 16:56:11.863","15.13%","ip-172-31-9-91"
"Mar 31, 2021 @ 16:56:06.863","13.75%","ip-172-31-9-91"
"Mar 31, 2021 @ 16:56:01.863","13.2%","ip-172-31-9-91"
"Mar 31, 2021 @ 16:55:56.863","12.16%","ip-172-31-9-91"
"Mar 31, 2021 @ 16:55:51.863","9.23%","ip-172-31-9-91"
"Mar 31, 2021 @ 16:55:46.863","16.15%","ip-172-31-9-91"
"Mar 31, 2021 @ 16:55:41.863","9.91%","ip-172-31-9-91"
"Mar 31, 2021 @ 16:55:36.863","11.8%","ip-172-31-9-91"
"Mar 31, 2021 @ 16:55:31.863","9.92%","ip-172-31-9-91"
"Mar 31, 2021 @ 16:55:26.863","9.83%","ip-172-31-9-91"
"Mar 31, 2021 @ 16:55:21.863","13.63%","ip-172-31-9-91"
"Mar 31, 2021 @ 16:55:16.863","8.27%","ip-172-31-9-91"
"Mar 31, 2021 @ 16:55:11.863","14.41%","ip-172-31-9-91"
"Mar 31, 2021 @ 16:55:06.863","8.67%","ip-172-31-9-91"
"Mar 31, 2021 @ 16:55:01.863","11.4%","ip-172-31-9-91"
"Mar 31, 2021 @ 16:54:56.863","8.37%","ip-172-31-9-91"
"Mar 31, 2021 @ 16:54:51.863","7.67%","ip-172-31-9-91"
"Mar 31, 2021 @ 16:54:46.863","3.42%","ip-172-31-9-91"
"Mar 31, 2021 @ 16:54:41.863","2.69%","ip-172-31-9-91"
