"@timestamp","system.memory.used.pct","agent.hostname"
"Mar 31, 2021 @ 17:01:02.632","85.02%","ip-172-31-8-202"
"Mar 31, 2021 @ 17:01:01.163","88.57%","ip-172-31-2-90"
"Mar 31, 2021 @ 17:00:57.633","86.65%","ip-172-31-8-202"
"Mar 31, 2021 @ 17:00:56.163","88.88%","ip-172-31-2-90"
"Mar 31, 2021 @ 17:00:52.632","86.66%","ip-172-31-8-202"
"Mar 31, 2021 @ 17:00:51.163","88.87%","ip-172-31-2-90"
"Mar 31, 2021 @ 17:00:47.632","86.65%","ip-172-31-8-202"
"Mar 31, 2021 @ 17:00:46.163","88.86%","ip-172-31-2-90"
"Mar 31, 2021 @ 17:00:42.632","86.65%","ip-172-31-8-202"
"Mar 31, 2021 @ 17:00:41.163","88.87%","ip-172-31-2-90"
"Mar 31, 2021 @ 17:00:37.632","86.59%","ip-172-31-8-202"
"Mar 31, 2021 @ 17:00:36.163","88.87%","ip-172-31-2-90"
"Mar 31, 2021 @ 17:00:32.632","86.59%","ip-172-31-8-202"
"Mar 31, 2021 @ 17:00:31.163","88.86%","ip-172-31-2-90"
"Mar 31, 2021 @ 17:00:27.632","86.86%","ip-172-31-8-202"
"Mar 31, 2021 @ 17:00:26.163","88.86%","ip-172-31-2-90"
"Mar 31, 2021 @ 17:00:22.632","86.52%","ip-172-31-8-202"
"Mar 31, 2021 @ 17:00:21.163","88.86%","ip-172-31-2-90"
"Mar 31, 2021 @ 17:00:17.632","86.49%","ip-172-31-8-202"
"Mar 31, 2021 @ 17:00:16.163","88.84%","ip-172-31-2-90"
"Mar 31, 2021 @ 17:00:12.632","86.48%","ip-172-31-8-202"
"Mar 31, 2021 @ 17:00:11.163","88.85%","ip-172-31-2-90"
"Mar 31, 2021 @ 17:00:07.632","86.46%","ip-172-31-8-202"
"Mar 31, 2021 @ 17:00:06.163","88.84%","ip-172-31-2-90"
"Mar 31, 2021 @ 17:00:02.632","86.47%","ip-172-31-8-202"
"Mar 31, 2021 @ 17:00:01.163","88.85%","ip-172-31-2-90"
"Mar 31, 2021 @ 16:59:57.632","86.63%","ip-172-31-8-202"
"Mar 31, 2021 @ 16:59:56.163","88.86%","ip-172-31-2-90"
"Mar 31, 2021 @ 16:59:52.632","86.4%","ip-172-31-8-202"
"Mar 31, 2021 @ 16:59:51.163","89.19%","ip-172-31-2-90"
"Mar 31, 2021 @ 16:59:47.633","86.38%","ip-172-31-8-202"
"Mar 31, 2021 @ 16:59:46.163","88.84%","ip-172-31-2-90"
"Mar 31, 2021 @ 16:59:42.633","86.38%","ip-172-31-8-202"
"Mar 31, 2021 @ 16:59:41.163","88.84%","ip-172-31-2-90"
"Mar 31, 2021 @ 16:59:37.633","86.32%","ip-172-31-8-202"
"Mar 31, 2021 @ 16:59:36.163","88.83%","ip-172-31-2-90"
"Mar 31, 2021 @ 16:59:32.632","86.29%","ip-172-31-8-202"
"Mar 31, 2021 @ 16:59:31.163","88.83%","ip-172-31-2-90"
"Mar 31, 2021 @ 16:59:27.632","86.25%","ip-172-31-8-202"
"Mar 31, 2021 @ 16:59:26.163","88.84%","ip-172-31-2-90"
"Mar 31, 2021 @ 16:59:22.632","86.19%","ip-172-31-8-202"
"Mar 31, 2021 @ 16:59:21.163","89.03%","ip-172-31-2-90"
"Mar 31, 2021 @ 16:59:17.632","86.06%","ip-172-31-8-202"
"Mar 31, 2021 @ 16:59:16.163","88.83%","ip-172-31-2-90"
"Mar 31, 2021 @ 16:59:12.632","85.99%","ip-172-31-8-202"
"Mar 31, 2021 @ 16:59:11.163","88.75%","ip-172-31-2-90"
"Mar 31, 2021 @ 16:59:07.632","85.98%","ip-172-31-8-202"
"Mar 31, 2021 @ 16:59:06.163","88.71%","ip-172-31-2-90"
"Mar 31, 2021 @ 16:59:02.632","85.97%","ip-172-31-8-202"
"Mar 31, 2021 @ 16:59:01.163","88.64%","ip-172-31-2-90"
"Mar 31, 2021 @ 16:58:57.632","85.97%","ip-172-31-8-202"
"Mar 31, 2021 @ 16:58:56.163","88.59%","ip-172-31-2-90"
"Mar 31, 2021 @ 16:58:52.632","86.32%","ip-172-31-8-202"
"Mar 31, 2021 @ 16:58:51.163","88.53%","ip-172-31-2-90"
"Mar 31, 2021 @ 16:58:47.632","85.94%","ip-172-31-8-202"
"Mar 31, 2021 @ 16:58:46.163","88.79%","ip-172-31-2-90"
"Mar 31, 2021 @ 16:58:42.632","85.93%","ip-172-31-8-202"
"Mar 31, 2021 @ 16:58:41.164","88.42%","ip-172-31-2-90"
"Mar 31, 2021 @ 16:58:37.632","85.94%","ip-172-31-8-202"
"Mar 31, 2021 @ 16:58:36.163","88.31%","ip-172-31-2-90"
"Mar 31, 2021 @ 16:58:32.632","85.93%","ip-172-31-8-202"
"Mar 31, 2021 @ 16:58:31.163","88.21%","ip-172-31-2-90"
"Mar 31, 2021 @ 16:58:27.632","85.93%","ip-172-31-8-202"
"Mar 31, 2021 @ 16:58:26.163","88.1%","ip-172-31-2-90"
"Mar 31, 2021 @ 16:58:22.632","85.87%","ip-172-31-8-202"
"Mar 31, 2021 @ 16:58:21.163","88.11%","ip-172-31-2-90"
"Mar 31, 2021 @ 16:58:17.632","85.76%","ip-172-31-8-202"
"Mar 31, 2021 @ 16:58:16.163","88.09%","ip-172-31-2-90"
"Mar 31, 2021 @ 16:58:12.633","85.64%","ip-172-31-8-202"
"Mar 31, 2021 @ 16:58:11.163","88.09%","ip-172-31-2-90"
"Mar 31, 2021 @ 16:58:07.632","85.57%","ip-172-31-8-202"
"Mar 31, 2021 @ 16:58:06.163","88.09%","ip-172-31-2-90"
"Mar 31, 2021 @ 16:58:02.632","85.38%","ip-172-31-8-202"
"Mar 31, 2021 @ 16:58:01.163","88.08%","ip-172-31-2-90"
"Mar 31, 2021 @ 16:57:57.632","85.26%","ip-172-31-8-202"
"Mar 31, 2021 @ 16:57:56.163","88.07%","ip-172-31-2-90"
"Mar 31, 2021 @ 16:57:52.632","85.26%","ip-172-31-8-202"
"Mar 31, 2021 @ 16:57:51.163","87.95%","ip-172-31-2-90"
"Mar 31, 2021 @ 16:57:47.632","85.24%","ip-172-31-8-202"
"Mar 31, 2021 @ 16:57:46.163","87.84%","ip-172-31-2-90"
"Mar 31, 2021 @ 16:57:42.632","85.23%","ip-172-31-8-202"
"Mar 31, 2021 @ 16:57:41.163","87.73%","ip-172-31-2-90"
"Mar 31, 2021 @ 16:57:37.632","85.24%","ip-172-31-8-202"
"Mar 31, 2021 @ 16:57:36.163","87.58%","ip-172-31-2-90"
"Mar 31, 2021 @ 16:57:32.632","85.23%","ip-172-31-8-202"
"Mar 31, 2021 @ 16:57:31.163","87.44%","ip-172-31-2-90"
"Mar 31, 2021 @ 16:57:27.632","85.21%","ip-172-31-8-202"
"Mar 31, 2021 @ 16:57:26.163","87.38%","ip-172-31-2-90"
"Mar 31, 2021 @ 16:57:22.632","85.04%","ip-172-31-8-202"
"Mar 31, 2021 @ 16:57:21.163","87.38%","ip-172-31-2-90"
"Mar 31, 2021 @ 16:57:17.632","84.93%","ip-172-31-8-202"
"Mar 31, 2021 @ 16:57:16.163","87.36%","ip-172-31-2-90"
"Mar 31, 2021 @ 16:57:12.632","84.75%","ip-172-31-8-202"
"Mar 31, 2021 @ 16:57:11.163","87.36%","ip-172-31-2-90"
"Mar 31, 2021 @ 16:57:07.633","84.62%","ip-172-31-8-202"
"Mar 31, 2021 @ 16:57:06.163","87.35%","ip-172-31-2-90"
"Mar 31, 2021 @ 16:57:02.632","84.56%","ip-172-31-8-202"
"Mar 31, 2021 @ 16:57:01.163","87.27%","ip-172-31-2-90"
"Mar 31, 2021 @ 16:56:57.632","84.54%","ip-172-31-8-202"
"Mar 31, 2021 @ 16:56:56.163","87.11%","ip-172-31-2-90"
"Mar 31, 2021 @ 16:56:52.632","84.54%","ip-172-31-8-202"
"Mar 31, 2021 @ 16:56:51.163","87.02%","ip-172-31-2-90"
"Mar 31, 2021 @ 16:56:47.632","84.52%","ip-172-31-8-202"
"Mar 31, 2021 @ 16:56:46.163","86.89%","ip-172-31-2-90"
"Mar 31, 2021 @ 16:56:42.632","84.53%","ip-172-31-8-202"
"Mar 31, 2021 @ 16:56:41.163","86.72%","ip-172-31-2-90"
"Mar 31, 2021 @ 16:56:37.632","84.51%","ip-172-31-8-202"
"Mar 31, 2021 @ 16:56:36.163","86.67%","ip-172-31-2-90"
"Mar 31, 2021 @ 16:56:32.632","84.36%","ip-172-31-8-202"
"Mar 31, 2021 @ 16:56:31.163","86.67%","ip-172-31-2-90"
"Mar 31, 2021 @ 16:56:27.632","84.22%","ip-172-31-8-202"
"Mar 31, 2021 @ 16:56:26.163","86.68%","ip-172-31-2-90"
"Mar 31, 2021 @ 16:56:22.632","84.07%","ip-172-31-8-202"
"Mar 31, 2021 @ 16:56:21.163","86.68%","ip-172-31-2-90"
"Mar 31, 2021 @ 16:56:17.632","83.92%","ip-172-31-8-202"
"Mar 31, 2021 @ 16:56:16.163","86.68%","ip-172-31-2-90"
"Mar 31, 2021 @ 16:56:12.632","83.87%","ip-172-31-8-202"
"Mar 31, 2021 @ 16:56:11.163","86.61%","ip-172-31-2-90"
"Mar 31, 2021 @ 16:56:07.632","83.86%","ip-172-31-8-202"
"Mar 31, 2021 @ 16:56:06.163","86.41%","ip-172-31-2-90"
"Mar 31, 2021 @ 16:56:02.632","83.86%","ip-172-31-8-202"
"Mar 31, 2021 @ 16:56:01.163","86.31%","ip-172-31-2-90"
"Mar 31, 2021 @ 16:55:57.632","83.86%","ip-172-31-8-202"
"Mar 31, 2021 @ 16:55:56.163","86.13%","ip-172-31-2-90"
"Mar 31, 2021 @ 16:55:52.632","83.85%","ip-172-31-8-202"
"Mar 31, 2021 @ 16:55:51.163","86.01%","ip-172-31-2-90"
"Mar 31, 2021 @ 16:55:47.632","83.83%","ip-172-31-8-202"
"Mar 31, 2021 @ 16:55:46.163","86%","ip-172-31-2-90"
"Mar 31, 2021 @ 16:55:42.632","83.67%","ip-172-31-8-202"
"Mar 31, 2021 @ 16:55:41.163","85.96%","ip-172-31-2-90"
"Mar 31, 2021 @ 16:55:37.632","83.54%","ip-172-31-8-202"
"Mar 31, 2021 @ 16:55:36.163","85.96%","ip-172-31-2-90"
"Mar 31, 2021 @ 16:55:32.632","83.39%","ip-172-31-8-202"
"Mar 31, 2021 @ 16:55:31.163","85.96%","ip-172-31-2-90"
"Mar 31, 2021 @ 16:55:27.632","83.26%","ip-172-31-8-202"
"Mar 31, 2021 @ 16:55:26.163","85.96%","ip-172-31-2-90"
"Mar 31, 2021 @ 16:55:22.632","83.21%","ip-172-31-8-202"
"Mar 31, 2021 @ 16:55:21.163","85.84%","ip-172-31-2-90"
"Mar 31, 2021 @ 16:55:17.632","83.2%","ip-172-31-8-202"
"Mar 31, 2021 @ 16:55:16.163","85.72%","ip-172-31-2-90"
"Mar 31, 2021 @ 16:55:12.632","83.2%","ip-172-31-8-202"
"Mar 31, 2021 @ 16:55:11.163","85.63%","ip-172-31-2-90"
"Mar 31, 2021 @ 16:55:07.632","83.19%","ip-172-31-8-202"
"Mar 31, 2021 @ 16:55:06.163","85.43%","ip-172-31-2-90"
"Mar 31, 2021 @ 16:55:02.632","83.19%","ip-172-31-8-202"
"Mar 31, 2021 @ 16:55:01.163","85.37%","ip-172-31-2-90"
"Mar 31, 2021 @ 16:54:57.632","83.07%","ip-172-31-8-202"
"Mar 31, 2021 @ 16:54:56.163","85.36%","ip-172-31-2-90"
"Mar 31, 2021 @ 16:54:52.632","82.97%","ip-172-31-8-202"
"Mar 31, 2021 @ 16:54:51.163","85.36%","ip-172-31-2-90"
"Mar 31, 2021 @ 16:54:47.632","82.92%","ip-172-31-8-202"
"Mar 31, 2021 @ 16:54:46.163","85.36%","ip-172-31-2-90"
"Mar 31, 2021 @ 16:54:42.632","82.92%","ip-172-31-8-202"
"Mar 31, 2021 @ 16:54:41.163","85.37%","ip-172-31-2-90"
