"@timestamp","system.cpu.total.norm.pct"
"Oct 6, 2021 @ 14:50:54.553","5.279999999999999%"
"Oct 6, 2021 @ 14:50:53.553","7.37%"
"Oct 6, 2021 @ 14:50:52.553","8.64%"
"Oct 6, 2021 @ 14:50:51.553","6.64%"
"Oct 6, 2021 @ 14:50:50.553","10.879999999999999%"
"Oct 6, 2021 @ 14:50:49.553","7.865%"
"Oct 6, 2021 @ 14:50:48.553","9.305%"
"Oct 6, 2021 @ 14:50:47.553","8.69%"
"Oct 6, 2021 @ 14:50:46.553","20.245%"
"Oct 6, 2021 @ 14:50:45.553","37.975%"
"Oct 6, 2021 @ 14:50:44.553","39.19%"
"Oct 6, 2021 @ 14:50:43.553","40.54%"
"Oct 6, 2021 @ 14:50:42.553","38.739999999999995%"
"Oct 6, 2021 @ 14:50:41.553","40.545%"
"Oct 6, 2021 @ 14:50:40.553","35.59%"
"Oct 6, 2021 @ 14:50:39.553","47.41%"
"Oct 6, 2021 @ 14:50:38.553","50.010000000000005%"
"Oct 6, 2021 @ 14:50:37.553","48.91%"
"Oct 6, 2021 @ 14:50:36.553","48.370000000000005%"
"Oct 6, 2021 @ 14:50:35.553","49.4%"
"Oct 6, 2021 @ 14:50:34.553","55.084999999999994%"
"Oct 6, 2021 @ 14:50:33.553","51.965%"
"Oct 6, 2021 @ 14:50:32.553","50.055%"
"Oct 6, 2021 @ 14:50:31.553","54.66%"
"Oct 6, 2021 @ 14:50:30.553","54.435%"
"Oct 6, 2021 @ 14:50:29.553","54.41%"
"Oct 6, 2021 @ 14:50:28.553","49.335%"
"Oct 6, 2021 @ 14:50:27.553","51.265%"
"Oct 6, 2021 @ 14:50:26.553","54.105000000000004%"
"Oct 6, 2021 @ 14:50:25.553","48.82%"
"Oct 6, 2021 @ 14:50:24.553","56.775%"
"Oct 6, 2021 @ 14:50:23.553","54.805%"
"Oct 6, 2021 @ 14:50:22.553","50.335%"
"Oct 6, 2021 @ 14:50:21.553","55.230000000000004%"
"Oct 6, 2021 @ 14:50:20.553","59.375%"
"Oct 6, 2021 @ 14:50:19.553","63.925%"
"Oct 6, 2021 @ 14:50:18.553","54.985%"
"Oct 6, 2021 @ 14:50:17.553","61.495000000000005%"
"Oct 6, 2021 @ 14:50:16.553","55.55%"
"Oct 6, 2021 @ 14:50:15.553","63.114999999999995%"
"Oct 6, 2021 @ 14:50:14.553","62.959999999999994%"
"Oct 6, 2021 @ 14:50:13.553","62.915000000000006%"
"Oct 6, 2021 @ 14:50:12.553","68.03%"
"Oct 6, 2021 @ 14:50:11.553","64.72%"
"Oct 6, 2021 @ 14:50:10.553","64.825%"
"Oct 6, 2021 @ 14:50:09.553","58.5%"
"Oct 6, 2021 @ 14:50:08.553","57.78%"
"Oct 6, 2021 @ 14:50:07.553","42.86%"
"Oct 6, 2021 @ 14:50:06.553","37.150000000000006%"
"Oct 6, 2021 @ 14:50:05.553","33.09%"
"Oct 6, 2021 @ 14:50:04.553","43.935%"
"Oct 6, 2021 @ 14:50:03.553","44.94%"
"Oct 6, 2021 @ 14:50:02.553","44.715%"
"Oct 6, 2021 @ 14:50:01.553","41.959999999999994%"
"Oct 6, 2021 @ 14:50:00.553","44.06%"
"Oct 6, 2021 @ 14:49:59.553","44.4%"
"Oct 6, 2021 @ 14:49:58.553","60.075%"
"Oct 6, 2021 @ 14:49:57.553","66.265%"
"Oct 6, 2021 @ 14:49:56.553","60.17%"
"Oct 6, 2021 @ 14:49:55.553","53.06%"
"Oct 6, 2021 @ 14:49:54.553","46.14%"
"Oct 6, 2021 @ 14:49:53.553","48.865%"
"Oct 6, 2021 @ 14:49:52.553","44.46%"
"Oct 6, 2021 @ 14:49:51.553","47.115%"
"Oct 6, 2021 @ 14:49:50.553","43.82%"
"Oct 6, 2021 @ 14:49:49.553","41.349999999999994%"
"Oct 6, 2021 @ 14:49:48.553","42.12%"
"Oct 6, 2021 @ 14:49:47.553","44.474999999999994%"
"Oct 6, 2021 @ 14:49:46.553","41.11%"
"Oct 6, 2021 @ 14:49:45.553","41.655%"
"Oct 6, 2021 @ 14:49:44.553","40.815%"
"Oct 6, 2021 @ 14:49:43.553","42.69%"
"Oct 6, 2021 @ 14:49:42.553","40.375%"
"Oct 6, 2021 @ 14:49:41.553","42.065%"
"Oct 6, 2021 @ 14:49:40.553","40.515%"
"Oct 6, 2021 @ 14:49:39.553","58.065%"
"Oct 6, 2021 @ 14:49:38.553","57.43%"
"Oct 6, 2021 @ 14:49:37.553","59.01%"
"Oct 6, 2021 @ 14:49:36.553","59.82%"
"Oct 6, 2021 @ 14:49:35.553","55.11%"
"Oct 6, 2021 @ 14:49:34.553","58.84%"
"Oct 6, 2021 @ 14:49:33.553","57.925%"
"Oct 6, 2021 @ 14:49:32.553","58.215%"
"Oct 6, 2021 @ 14:49:31.553","54.215%"
"Oct 6, 2021 @ 14:49:30.553","58.33%"
"Oct 6, 2021 @ 14:49:29.553","58.864999999999995%"
"Oct 6, 2021 @ 14:49:28.553","57.364999999999995%"
"Oct 6, 2021 @ 14:49:27.553","63.015%"
"Oct 6, 2021 @ 14:49:26.553","54.775%"
"Oct 6, 2021 @ 14:49:25.553","55.9%"
"Oct 6, 2021 @ 14:49:24.553","57.650000000000006%"
"Oct 6, 2021 @ 14:49:23.553","62.834999999999994%"
"Oct 6, 2021 @ 14:49:22.553","54.25%"
"Oct 6, 2021 @ 14:49:21.553","56.175%"
"Oct 6, 2021 @ 14:49:20.553","56.2%"
"Oct 6, 2021 @ 14:49:19.553","61.355%"
"Oct 6, 2021 @ 14:49:18.553","56.16%"
"Oct 6, 2021 @ 14:49:17.553","57.605000000000004%"
"Oct 6, 2021 @ 14:49:16.553","65.96000000000001%"
"Oct 6, 2021 @ 14:49:15.553","59.7%"
"Oct 6, 2021 @ 14:49:14.553","58.480000000000004%"
"Oct 6, 2021 @ 14:49:13.553","58.625%"
"Oct 6, 2021 @ 14:49:12.553","39.72%"
"Oct 6, 2021 @ 14:49:11.553","33.545%"
"Oct 6, 2021 @ 14:49:10.553","35.735%"
"Oct 6, 2021 @ 14:49:09.553","66.18%"
"Oct 6, 2021 @ 14:49:08.553","67.17500000000001%"
"Oct 6, 2021 @ 14:49:07.553","65.9%"
"Oct 6, 2021 @ 14:49:06.553","64.88499999999999%"
"Oct 6, 2021 @ 14:49:05.553","69.11%"
"Oct 6, 2021 @ 14:49:04.553","74.39%"
"Oct 6, 2021 @ 14:49:03.553","70.75%"
"Oct 6, 2021 @ 14:49:02.553","64.315%"
"Oct 6, 2021 @ 14:49:01.553","57.885000000000005%"
"Oct 6, 2021 @ 14:49:00.553","64.07%"
"Oct 6, 2021 @ 14:48:59.553","73.225%"
"Oct 6, 2021 @ 14:48:58.553","64.405%"
"Oct 6, 2021 @ 14:48:57.553","63.935%"
"Oct 6, 2021 @ 14:48:56.553","44.394999999999996%"
"Oct 6, 2021 @ 14:48:55.553","54.175%"
"Oct 6, 2021 @ 14:48:54.553","63.13%"
"Oct 6, 2021 @ 14:48:53.553","66.53999999999999%"
"Oct 6, 2021 @ 14:48:52.553","65.49%"
"Oct 6, 2021 @ 14:48:51.553","65.245%"
"Oct 6, 2021 @ 14:48:50.553","57.864999999999995%"
"Oct 6, 2021 @ 14:48:49.553","61.959999999999994%"
"Oct 6, 2021 @ 14:48:48.553","66.64500000000001%"
"Oct 6, 2021 @ 14:48:47.553","60.545%"
"Oct 6, 2021 @ 14:48:46.553","57.83%"
"Oct 6, 2021 @ 14:48:45.553","60.36%"
"Oct 6, 2021 @ 14:48:44.553","59.864999999999995%"
"Oct 6, 2021 @ 14:48:43.553","77.275%"
"Oct 6, 2021 @ 14:48:42.553","76.41499999999999%"
"Oct 6, 2021 @ 14:48:41.553","75.245%"
"Oct 6, 2021 @ 14:48:40.553","73.1%"
"Oct 6, 2021 @ 14:48:39.553","72.0%"
"Oct 6, 2021 @ 14:48:38.553","72.71000000000001%"
"Oct 6, 2021 @ 14:48:37.553","71.66%"
"Oct 6, 2021 @ 14:48:36.553","64.00999999999999%"
"Oct 6, 2021 @ 14:48:35.553","65.325%"
"Oct 6, 2021 @ 14:48:34.553","70.32%"
"Oct 6, 2021 @ 14:48:33.553","70.70500000000001%"
"Oct 6, 2021 @ 14:48:32.553","68.66999999999999%"
"Oct 6, 2021 @ 14:48:31.553","69.095%"
"Oct 6, 2021 @ 14:48:30.553","70.57%"
"Oct 6, 2021 @ 14:48:29.553","67.17%"
"Oct 6, 2021 @ 14:48:28.553","62.56%"
"Oct 6, 2021 @ 14:48:27.553","66.135%"
"Oct 6, 2021 @ 14:48:26.553","70.38499999999999%"
"Oct 6, 2021 @ 14:48:25.553","71.27%"
"Oct 6, 2021 @ 14:48:24.553","69.535%"
"Oct 6, 2021 @ 14:48:23.553","69.05000000000001%"
"Oct 6, 2021 @ 14:48:22.553","68.605%"
"Oct 6, 2021 @ 14:48:21.553","68.585%"
"Oct 6, 2021 @ 14:48:20.553","60.019999999999996%"
"Oct 6, 2021 @ 14:48:19.553","70.595%"
"Oct 6, 2021 @ 14:48:18.553","69.57%"
"Oct 6, 2021 @ 14:48:17.553","70.75%"
"Oct 6, 2021 @ 14:48:16.553","77.5%"
"Oct 6, 2021 @ 14:48:15.553","77.1%"
"Oct 6, 2021 @ 14:48:14.553","76.235%"
"Oct 6, 2021 @ 14:48:13.553","76.34%"
"Oct 6, 2021 @ 14:48:12.553","77.41499999999999%"
"Oct 6, 2021 @ 14:48:11.553","83.51%"
"Oct 6, 2021 @ 14:48:10.553","79.41%"
"Oct 6, 2021 @ 14:48:09.553","78.82%"
"Oct 6, 2021 @ 14:48:08.553","86.515%"
"Oct 6, 2021 @ 14:48:07.555","84.3%"
"Oct 6, 2021 @ 14:48:06.553","82.54%"
"Oct 6, 2021 @ 14:48:05.553","83.58500000000001%"
"Oct 6, 2021 @ 14:48:04.553","86.41499999999999%"
"Oct 6, 2021 @ 14:48:03.553","86.26499999999999%"
"Oct 6, 2021 @ 14:48:02.553","83.08500000000001%"
"Oct 6, 2021 @ 14:48:01.553","83.16%"
"Oct 6, 2021 @ 14:48:00.553","86.255%"
"Oct 6, 2021 @ 14:47:59.553","84.465%"
"Oct 6, 2021 @ 14:47:58.553","83.985%"
"Oct 6, 2021 @ 14:47:57.553","83.64%"
"Oct 6, 2021 @ 14:47:56.553","84.875%"
"Oct 6, 2021 @ 14:47:55.553","88.7%"
"Oct 6, 2021 @ 14:47:54.553","85.46000000000001%"
"Oct 6, 2021 @ 14:47:53.553","85.43%"
"Oct 6, 2021 @ 14:47:52.553","83.84%"
"Oct 6, 2021 @ 14:47:51.553","87.12%"
"Oct 6, 2021 @ 14:47:50.553","83.855%"
"Oct 6, 2021 @ 14:47:49.553","83.37%"
"Oct 6, 2021 @ 14:47:48.553","85.985%"
"Oct 6, 2021 @ 14:47:47.553","84.315%"
"Oct 6, 2021 @ 14:47:46.553","81.455%"
"Oct 6, 2021 @ 14:47:45.553","83.625%"
"Oct 6, 2021 @ 14:47:44.553","81.575%"
"Oct 6, 2021 @ 14:47:43.553","81.795%"
"Oct 6, 2021 @ 14:47:42.553","83.635%"
"Oct 6, 2021 @ 14:47:41.553","82.075%"
"Oct 6, 2021 @ 14:47:40.553","80.47%"
"Oct 6, 2021 @ 14:47:39.553","80.925%"
"Oct 6, 2021 @ 14:47:38.553","82.85%"
"Oct 6, 2021 @ 14:47:37.553","80.80000000000001%"
"Oct 6, 2021 @ 14:47:36.553","81.22%"
"Oct 6, 2021 @ 14:47:35.553","80.91%"
"Oct 6, 2021 @ 14:47:34.553","82.06%"
"Oct 6, 2021 @ 14:47:33.553","77.155%"
"Oct 6, 2021 @ 14:47:32.553","74.82%"
"Oct 6, 2021 @ 14:47:31.553","67.41499999999999%"
"Oct 6, 2021 @ 14:47:30.553","75.94%"
"Oct 6, 2021 @ 14:47:29.553","66.64%"
"Oct 6, 2021 @ 14:47:28.553","64.17%"
"Oct 6, 2021 @ 14:47:27.553","65.63499999999999%"
"Oct 6, 2021 @ 14:47:26.553","64.67%"
"Oct 6, 2021 @ 14:47:25.553","65.355%"
"Oct 6, 2021 @ 14:47:24.553","64.91%"
"Oct 6, 2021 @ 14:47:23.553","66.32%"
"Oct 6, 2021 @ 14:47:22.553","64.285%"
"Oct 6, 2021 @ 14:47:21.553","70.96000000000001%"
"Oct 6, 2021 @ 14:47:20.553","67.86%"
"Oct 6, 2021 @ 14:47:19.553","75.74%"
"Oct 6, 2021 @ 14:47:18.553","73.095%"
"Oct 6, 2021 @ 14:47:17.553","73.49000000000001%"
"Oct 6, 2021 @ 14:47:16.553","72.635%"
"Oct 6, 2021 @ 14:47:15.553","73.765%"
"Oct 6, 2021 @ 14:47:14.553","71.38499999999999%"
"Oct 6, 2021 @ 14:47:13.553","72.47999999999999%"
"Oct 6, 2021 @ 14:47:12.553","72.255%"
"Oct 6, 2021 @ 14:47:11.553","63.605%"
"Oct 6, 2021 @ 14:47:10.553","66.615%"
"Oct 6, 2021 @ 14:47:09.553","72.405%"
"Oct 6, 2021 @ 14:47:08.553","69.535%"
"Oct 6, 2021 @ 14:47:07.553","69.06%"
"Oct 6, 2021 @ 14:47:06.553","68.49000000000001%"
"Oct 6, 2021 @ 14:47:05.553","69.175%"
"Oct 6, 2021 @ 14:47:04.553","70.08000000000001%"
"Oct 6, 2021 @ 14:47:03.553","67.49000000000001%"
"Oct 6, 2021 @ 14:47:02.553","67.57%"
"Oct 6, 2021 @ 14:47:01.553","71.825%"
"Oct 6, 2021 @ 14:47:00.553","69.31%"
"Oct 6, 2021 @ 14:46:59.553","68.39%"
"Oct 6, 2021 @ 14:46:58.553","69.11%"
"Oct 6, 2021 @ 14:46:57.554","71.13%"
"Oct 6, 2021 @ 14:46:56.553","68.67%"
"Oct 6, 2021 @ 14:46:55.553","68.11%"
"Oct 6, 2021 @ 14:46:54.553","70.05%"
"Oct 6, 2021 @ 14:46:53.553","68.67%"
"Oct 6, 2021 @ 14:46:52.553","68.525%"
"Oct 6, 2021 @ 14:46:51.553","69.50999999999999%"
"Oct 6, 2021 @ 14:46:50.553","67.235%"
"Oct 6, 2021 @ 14:46:49.553","68.715%"
"Oct 6, 2021 @ 14:46:48.553","67.315%"
"Oct 6, 2021 @ 14:46:47.553","68.445%"
"Oct 6, 2021 @ 14:46:46.553","65.99000000000001%"
"Oct 6, 2021 @ 14:46:45.553","70.89%"
"Oct 6, 2021 @ 14:46:44.553","67.41499999999999%"
"Oct 6, 2021 @ 14:46:43.553","68.74%"
"Oct 6, 2021 @ 14:46:42.553","68.03%"
"Oct 6, 2021 @ 14:46:41.553","70.87%"
"Oct 6, 2021 @ 14:46:40.553","66.83500000000001%"
"Oct 6, 2021 @ 14:46:39.553","68.975%"
"Oct 6, 2021 @ 14:46:38.553","68.08%"
"Oct 6, 2021 @ 14:46:37.553","67.56%"
"Oct 6, 2021 @ 14:46:36.553","68.455%"
"Oct 6, 2021 @ 14:46:35.553","66.925%"
"Oct 6, 2021 @ 14:46:34.553","70.445%"
"Oct 6, 2021 @ 14:46:33.553","69.18%"
"Oct 6, 2021 @ 14:46:32.553","69.16%"
"Oct 6, 2021 @ 14:46:31.553","68.475%"
"Oct 6, 2021 @ 14:46:30.553","68.615%"
"Oct 6, 2021 @ 14:46:29.553","66.6%"
"Oct 6, 2021 @ 14:46:28.553","67.6%"
"Oct 6, 2021 @ 14:46:27.553","65.85%"
"Oct 6, 2021 @ 14:46:26.553","66.88%"
"Oct 6, 2021 @ 14:46:25.553","66.05%"
"Oct 6, 2021 @ 14:46:24.553","66.38%"
"Oct 6, 2021 @ 14:46:23.553","67.975%"
"Oct 6, 2021 @ 14:46:22.553","66.09%"
"Oct 6, 2021 @ 14:46:21.553","68.45%"
"Oct 6, 2021 @ 14:46:20.553","64.86%"
"Oct 6, 2021 @ 14:46:19.553","65.14500000000001%"
"Oct 6, 2021 @ 14:46:18.553","65.28%"
"Oct 6, 2021 @ 14:46:17.553","67.96000000000001%"
"Oct 6, 2021 @ 14:46:16.553","68.92500000000001%"
"Oct 6, 2021 @ 14:46:15.553","66.55%"
"Oct 6, 2021 @ 14:46:14.553","67.575%"
"Oct 6, 2021 @ 14:46:13.553","68.14500000000001%"
"Oct 6, 2021 @ 14:46:12.553","68.165%"
"Oct 6, 2021 @ 14:46:11.553","65.83%"
"Oct 6, 2021 @ 14:46:10.553","66.27%"
"Oct 6, 2021 @ 14:46:09.553","68.965%"
"Oct 6, 2021 @ 14:46:08.553","64.16499999999999%"
"Oct 6, 2021 @ 14:46:07.553","64.57000000000001%"
"Oct 6, 2021 @ 14:46:06.553","66.88%"
"Oct 6, 2021 @ 14:46:05.553","65.33%"
"Oct 6, 2021 @ 14:46:04.553","66.625%"
"Oct 6, 2021 @ 14:46:03.553","64.785%"
"Oct 6, 2021 @ 14:46:02.553","64.675%"
"Oct 6, 2021 @ 14:46:01.553","64.27000000000001%"
"Oct 6, 2021 @ 14:46:00.553","62.755%"
"Oct 6, 2021 @ 14:45:59.553","62.76%"
"Oct 6, 2021 @ 14:45:58.553","63.61%"
"Oct 6, 2021 @ 14:45:57.553","62.724999999999994%"
"Oct 6, 2021 @ 14:45:56.553","67.065%"
"Oct 6, 2021 @ 14:45:55.553","63.155%"
"Oct 6, 2021 @ 14:45:54.553","62.0%"
"Oct 6, 2021 @ 14:45:53.553","63.55%"
"Oct 6, 2021 @ 14:45:52.553","64.56%"
"Oct 6, 2021 @ 14:45:51.553","64.78%"
"Oct 6, 2021 @ 14:45:50.553","64.275%"
"Oct 6, 2021 @ 14:45:49.553","62.72%"
"Oct 6, 2021 @ 14:45:48.553","63.905%"
"Oct 6, 2021 @ 14:45:47.553","63.21%"
"Oct 6, 2021 @ 14:45:46.553","65.005%"
"Oct 6, 2021 @ 14:45:45.553","62.91%"
"Oct 6, 2021 @ 14:45:44.553","62.925%"
"Oct 6, 2021 @ 14:45:43.553","48.42%"
"Oct 6, 2021 @ 14:45:42.553","77.64%"
"Oct 6, 2021 @ 14:45:41.553","75.58500000000001%"
"Oct 6, 2021 @ 14:45:40.553","73.685%"
"Oct 6, 2021 @ 14:45:39.553","74.21000000000001%"
"Oct 6, 2021 @ 14:45:38.553","42.41%"
"Oct 6, 2021 @ 14:45:37.553","43.085%"
"Oct 6, 2021 @ 14:45:36.553","42.765%"
"Oct 6, 2021 @ 14:45:35.553","43.085%"
"Oct 6, 2021 @ 14:45:34.553","40.129999999999995%"
"Oct 6, 2021 @ 14:45:33.553","42.465%"
"Oct 6, 2021 @ 14:45:32.553","43.510000000000005%"
"Oct 6, 2021 @ 14:45:31.553","42.485%"
"Oct 6, 2021 @ 14:45:30.553","40.61%"
"Oct 6, 2021 @ 14:45:29.553","41.945%"
"Oct 6, 2021 @ 14:45:28.553","44.144999999999996%"
"Oct 6, 2021 @ 14:45:27.553","41.465%"
"Oct 6, 2021 @ 14:45:26.553","41.825%"
"Oct 6, 2021 @ 14:45:25.553","39.925%"
"Oct 6, 2021 @ 14:45:24.553","41.915%"
"Oct 6, 2021 @ 14:45:23.553","41.715%"
"Oct 6, 2021 @ 14:45:22.553","41.17%"
"Oct 6, 2021 @ 14:45:21.553","42.099999999999994%"
"Oct 6, 2021 @ 14:45:20.553","40.75%"
"Oct 6, 2021 @ 14:45:19.553","41.894999999999996%"
"Oct 6, 2021 @ 14:45:18.553","41.980000000000004%"
"Oct 6, 2021 @ 14:45:17.553","42.019999999999996%"
"Oct 6, 2021 @ 14:45:16.553","41.745000000000005%"
"Oct 6, 2021 @ 14:45:15.553","42.599999999999994%"
"Oct 6, 2021 @ 14:45:14.553","47.25%"
"Oct 6, 2021 @ 14:45:13.553","40.91%"
"Oct 6, 2021 @ 14:45:12.553","42.894999999999996%"
"Oct 6, 2021 @ 14:45:11.553","41.94%"
"Oct 6, 2021 @ 14:45:10.553","41.019999999999996%"
"Oct 6, 2021 @ 14:45:09.553","41.285%"
"Oct 6, 2021 @ 14:45:08.553","42.834999999999994%"
"Oct 6, 2021 @ 14:45:07.553","42.315%"
"Oct 6, 2021 @ 14:45:06.553","42.69%"
"Oct 6, 2021 @ 14:45:05.553","41.650000000000006%"
"Oct 6, 2021 @ 14:45:04.553","42.165%"
"Oct 6, 2021 @ 14:45:03.553","42.805%"
"Oct 6, 2021 @ 14:45:02.553","42.25%"
"Oct 6, 2021 @ 14:45:01.553","40.485%"
"Oct 6, 2021 @ 14:45:00.553","42.74%"
"Oct 6, 2021 @ 14:44:59.553","41.715%"
"Oct 6, 2021 @ 14:44:58.553","41.375%"
"Oct 6, 2021 @ 14:44:57.553","43.54%"
"Oct 6, 2021 @ 14:44:56.553","41.135000000000005%"
"Oct 6, 2021 @ 14:44:55.553","42.57%"
"Oct 6, 2021 @ 14:44:54.553","44.185%"
"Oct 6, 2021 @ 14:44:53.553","41.975%"
"Oct 6, 2021 @ 14:44:52.553","41.89%"
"Oct 6, 2021 @ 14:44:51.553","42.025000000000006%"
"Oct 6, 2021 @ 14:44:50.553","41.29%"
"Oct 6, 2021 @ 14:44:49.553","41.325%"
"Oct 6, 2021 @ 14:44:48.553","40.63%"
"Oct 6, 2021 @ 14:44:47.553","42.480000000000004%"
"Oct 6, 2021 @ 14:44:46.553","40.5%"
"Oct 6, 2021 @ 14:44:45.553","42.175%"
"Oct 6, 2021 @ 14:44:44.553","44.38%"
"Oct 6, 2021 @ 14:44:43.553","42.245000000000005%"
"Oct 6, 2021 @ 14:44:42.553","43.230000000000004%"
"Oct 6, 2021 @ 14:44:41.553","41.355000000000004%"
"Oct 6, 2021 @ 14:44:40.553","41.480000000000004%"
"Oct 6, 2021 @ 14:44:39.553","47.025%"
"Oct 6, 2021 @ 14:44:38.553","47.845%"
"Oct 6, 2021 @ 14:44:37.553","46.11%"
"Oct 6, 2021 @ 14:44:36.553","46.43000000000001%"
"Oct 6, 2021 @ 14:44:35.553","46.945%"
"Oct 6, 2021 @ 14:44:34.553","46.43%"
"Oct 6, 2021 @ 14:44:33.553","47.915%"
"Oct 6, 2021 @ 14:44:32.553","45.195%"
"Oct 6, 2021 @ 14:44:31.553","45.335%"
"Oct 6, 2021 @ 14:44:30.553","45.974999999999994%"
"Oct 6, 2021 @ 14:44:29.553","47.63%"
"Oct 6, 2021 @ 14:44:28.553","45.515%"
"Oct 6, 2021 @ 14:44:27.553","46.095%"
"Oct 6, 2021 @ 14:44:26.553","45.4%"
"Oct 6, 2021 @ 14:44:25.553","48.09%"
"Oct 6, 2021 @ 14:44:24.553","45.235%"
"Oct 6, 2021 @ 14:44:23.553","45.625%"
"Oct 6, 2021 @ 14:44:22.553","45.724999999999994%"
"Oct 6, 2021 @ 14:44:21.553","46.405%"
"Oct 6, 2021 @ 14:44:20.553","46.47%"
"Oct 6, 2021 @ 14:44:19.553","47.025000000000006%"
"Oct 6, 2021 @ 14:44:18.553","45.415000000000006%"
"Oct 6, 2021 @ 14:44:17.553","46.004999999999995%"
"Oct 6, 2021 @ 14:44:16.553","47.47%"
"Oct 6, 2021 @ 14:44:15.553","45.0%"
"Oct 6, 2021 @ 14:44:14.553","48.99%"
"Oct 6, 2021 @ 14:44:13.553","47.275000000000006%"
"Oct 6, 2021 @ 14:44:12.553","48.56%"
"Oct 6, 2021 @ 14:44:11.553","48.0%"
"Oct 6, 2021 @ 14:44:10.553","48.540000000000006%"
"Oct 6, 2021 @ 14:44:09.553","53.989999999999995%"
"Oct 6, 2021 @ 14:44:08.553","63.53%"
"Oct 6, 2021 @ 14:44:07.553","62.105000000000004%"
"Oct 6, 2021 @ 14:44:06.553","60.849999999999994%"
"Oct 6, 2021 @ 14:44:05.553","63.28%"
"Oct 6, 2021 @ 14:44:04.553","67.545%"
"Oct 6, 2021 @ 14:44:03.553","60.235%"
"Oct 6, 2021 @ 14:44:02.553","60.385000000000005%"
"Oct 6, 2021 @ 14:44:01.553","60.760000000000005%"
"Oct 6, 2021 @ 14:44:00.553","65.155%"
"Oct 6, 2021 @ 14:43:59.553","67.105%"
"Oct 6, 2021 @ 14:43:58.553","65.05%"
"Oct 6, 2021 @ 14:43:57.553","55.114999999999995%"
"Oct 6, 2021 @ 14:43:56.553","62.615%"
"Oct 6, 2021 @ 14:43:55.553","41.38%"
"Oct 6, 2021 @ 14:43:54.553","41.47%"
"Oct 6, 2021 @ 14:43:53.553","41.42%"
"Oct 6, 2021 @ 14:43:52.553","41.16%"
"Oct 6, 2021 @ 14:43:51.553","41.18%"
"Oct 6, 2021 @ 14:43:50.553","41.065%"
"Oct 6, 2021 @ 14:43:49.553","41.855000000000004%"
"Oct 6, 2021 @ 14:43:48.553","40.81%"
"Oct 6, 2021 @ 14:43:47.553","40.585%"
"Oct 6, 2021 @ 14:43:46.553","41.12%"
"Oct 6, 2021 @ 14:43:45.553","41.730000000000004%"
"Oct 6, 2021 @ 14:43:44.553","43.025%"
"Oct 6, 2021 @ 14:43:43.553","40.915%"
"Oct 6, 2021 @ 14:43:42.553","41.495000000000005%"
"Oct 6, 2021 @ 14:43:41.553","40.385000000000005%"
"Oct 6, 2021 @ 14:43:40.553","39.0%"
"Oct 6, 2021 @ 14:43:39.553","41.325%"
"Oct 6, 2021 @ 14:43:38.553","41.705%"
"Oct 6, 2021 @ 14:43:37.553","41.035%"
"Oct 6, 2021 @ 14:43:36.553","40.295%"
"Oct 6, 2021 @ 14:43:35.553","43.120000000000005%"
"Oct 6, 2021 @ 14:43:34.553","41.06%"
"Oct 6, 2021 @ 14:43:33.553","41.465%"
"Oct 6, 2021 @ 14:43:32.553","41.885000000000005%"
"Oct 6, 2021 @ 14:43:31.553","41.285%"
"Oct 6, 2021 @ 14:43:30.553","41.3%"
"Oct 6, 2021 @ 14:43:29.553","40.629999999999995%"
"Oct 6, 2021 @ 14:43:28.553","40.195%"
"Oct 6, 2021 @ 14:43:27.553","41.945%"
"Oct 6, 2021 @ 14:43:26.553","40.255%"
"Oct 6, 2021 @ 14:43:25.553","42.235%"
"Oct 6, 2021 @ 14:43:24.553","41.01%"
"Oct 6, 2021 @ 14:43:23.553","40.905%"
"Oct 6, 2021 @ 14:43:22.553","40.05%"
"Oct 6, 2021 @ 14:43:21.553","41.084999999999994%"
"Oct 6, 2021 @ 14:43:20.553","41.265%"
"Oct 6, 2021 @ 14:43:19.553","41.644999999999996%"
"Oct 6, 2021 @ 14:43:18.553","42.07%"
"Oct 6, 2021 @ 14:43:17.553","40.805%"
"Oct 6, 2021 @ 14:43:16.553","40.58%"
"Oct 6, 2021 @ 14:43:15.553","41.480000000000004%"
"Oct 6, 2021 @ 14:43:14.553","43.18%"
"Oct 6, 2021 @ 14:43:13.553","40.04%"
"Oct 6, 2021 @ 14:43:12.553","43.32%"
"Oct 6, 2021 @ 14:43:11.553","42.75%"
"Oct 6, 2021 @ 14:43:10.553","42.015%"
"Oct 6, 2021 @ 14:43:09.553","41.495%"
"Oct 6, 2021 @ 14:43:08.553","40.955%"
"Oct 6, 2021 @ 14:43:07.553","41.065%"
"Oct 6, 2021 @ 14:43:06.553","42.375%"
"Oct 6, 2021 @ 14:43:05.553","39.010000000000005%"
"Oct 6, 2021 @ 14:43:04.553","40.585%"
"Oct 6, 2021 @ 14:43:03.553","40.56%"
"Oct 6, 2021 @ 14:43:02.553","41.849999999999994%"
"Oct 6, 2021 @ 14:43:01.553","41.425%"
"Oct 6, 2021 @ 14:43:00.553","40.68%"
"Oct 6, 2021 @ 14:42:59.553","41.510000000000005%"
"Oct 6, 2021 @ 14:42:58.553","41.3%"
"Oct 6, 2021 @ 14:42:57.553","41.315%"
"Oct 6, 2021 @ 14:42:56.553","43.269999999999996%"
"Oct 6, 2021 @ 14:42:55.553","41.195%"
"Oct 6, 2021 @ 14:42:54.553","41.855000000000004%"
"Oct 6, 2021 @ 14:42:53.553","41.285%"
"Oct 6, 2021 @ 14:42:52.553","41.91%"
"Oct 6, 2021 @ 14:42:51.553","41.075%"
"Oct 6, 2021 @ 14:42:50.553","47.894999999999996%"
"Oct 6, 2021 @ 14:42:49.553","46.230000000000004%"
"Oct 6, 2021 @ 14:42:48.553","45.19%"
"Oct 6, 2021 @ 14:42:47.553","46.33%"
"Oct 6, 2021 @ 14:42:46.553","44.775%"
"Oct 6, 2021 @ 14:42:45.553","44.14%"
"Oct 6, 2021 @ 14:42:44.553","46.44%"
"Oct 6, 2021 @ 14:42:43.553","44.455%"
"Oct 6, 2021 @ 14:42:42.553","44.900000000000006%"
"Oct 6, 2021 @ 14:42:41.553","44.855000000000004%"
"Oct 6, 2021 @ 14:42:40.553","45.625%"
"Oct 6, 2021 @ 14:42:39.553","44.745000000000005%"
"Oct 6, 2021 @ 14:42:38.554","47.19%"
"Oct 6, 2021 @ 14:42:37.553","46.06%"
"Oct 6, 2021 @ 14:42:36.553","47.135000000000005%"
"Oct 6, 2021 @ 14:42:35.553","49.545%"
"Oct 6, 2021 @ 14:42:34.553","54.085%"
"Oct 6, 2021 @ 14:42:33.553","57.465%"
"Oct 6, 2021 @ 14:42:32.553","56.625%"
"Oct 6, 2021 @ 14:42:31.553","54.725%"
"Oct 6, 2021 @ 14:42:30.553","54.535%"
"Oct 6, 2021 @ 14:42:29.553","51.790000000000006%"
"Oct 6, 2021 @ 14:42:28.553","51.47%"
"Oct 6, 2021 @ 14:42:27.553","52.394999999999996%"
"Oct 6, 2021 @ 14:42:26.553","53.07%"
"Oct 6, 2021 @ 14:42:25.553","52.355%"
"Oct 6, 2021 @ 14:42:24.553","54.17%"
"Oct 6, 2021 @ 14:42:23.553","51.86%"
"Oct 6, 2021 @ 14:42:22.553","52.675%"
"Oct 6, 2021 @ 14:42:21.553","52.165%"
"Oct 6, 2021 @ 14:42:20.553","56.540000000000006%"
"Oct 6, 2021 @ 14:42:19.553","55.004999999999995%"
"Oct 6, 2021 @ 14:42:18.553","61.269999999999996%"
"Oct 6, 2021 @ 14:42:17.553","66.545%"
"Oct 6, 2021 @ 14:42:16.553","64.79%"
"Oct 6, 2021 @ 14:42:15.553","66.58500000000001%"
"Oct 6, 2021 @ 14:42:14.553","67.965%"
"Oct 6, 2021 @ 14:42:13.553","66.62%"
"Oct 6, 2021 @ 14:42:12.553","67.385%"
"Oct 6, 2021 @ 14:42:11.553","70.74%"
"Oct 6, 2021 @ 14:42:10.553","65.37%"
"Oct 6, 2021 @ 14:42:09.553","67.32499999999999%"
"Oct 6, 2021 @ 14:42:08.553","77.475%"
"Oct 6, 2021 @ 14:42:07.553","81.255%"
"Oct 6, 2021 @ 14:42:06.553","80.74000000000001%"
"Oct 6, 2021 @ 14:42:05.553","80.315%"
"Oct 6, 2021 @ 14:42:04.553","75.52000000000001%"
"Oct 6, 2021 @ 14:42:03.553","79.26%"
"Oct 6, 2021 @ 14:42:02.553","81.725%"
"Oct 6, 2021 @ 14:42:01.553","80.905%"
"Oct 6, 2021 @ 14:42:00.553","81.82%"
"Oct 6, 2021 @ 14:41:59.553","79.185%"
"Oct 6, 2021 @ 14:41:58.553","79.34%"
"Oct 6, 2021 @ 14:41:57.553","78.74%"
"Oct 6, 2021 @ 14:41:56.553","75.88499999999999%"
"Oct 6, 2021 @ 14:41:55.553","77.08%"
"Oct 6, 2021 @ 14:41:54.553","76.83%"
"Oct 6, 2021 @ 14:41:53.553","77.7%"
"Oct 6, 2021 @ 14:41:52.553","77.83000000000001%"
"Oct 6, 2021 @ 14:41:51.553","75.62%"
"Oct 6, 2021 @ 14:41:50.553","83.235%"
"Oct 6, 2021 @ 14:41:49.553","82.81%"
"Oct 6, 2021 @ 14:41:48.553","78.92500000000001%"
"Oct 6, 2021 @ 14:41:47.553","78.41499999999999%"
"Oct 6, 2021 @ 14:41:46.553","79.215%"
"Oct 6, 2021 @ 14:41:45.553","80.225%"
"Oct 6, 2021 @ 14:41:44.553","81.99%"
"Oct 6, 2021 @ 14:41:43.553","81.575%"
"Oct 6, 2021 @ 14:41:42.553","79.18%"
"Oct 6, 2021 @ 14:41:41.553","76.75999999999999%"
"Oct 6, 2021 @ 14:41:40.553","76.53999999999999%"
"Oct 6, 2021 @ 14:41:39.553","75.845%"
"Oct 6, 2021 @ 14:41:38.553","76.745%"
"Oct 6, 2021 @ 14:41:37.553","76.32499999999999%"
"Oct 6, 2021 @ 14:41:36.553","74.16499999999999%"
"Oct 6, 2021 @ 14:41:35.553","74.715%"
"Oct 6, 2021 @ 14:41:34.553","73.045%"
"Oct 6, 2021 @ 14:41:33.553","78.39%"
"Oct 6, 2021 @ 14:41:32.553","72.98%"
"Oct 6, 2021 @ 14:41:31.553","73.53999999999999%"
"Oct 6, 2021 @ 14:41:30.553","74.21000000000001%"
"Oct 6, 2021 @ 14:41:29.553","74.875%"
"Oct 6, 2021 @ 14:41:28.553","80.96%"
"Oct 6, 2021 @ 14:41:27.553","81.475%"
"Oct 6, 2021 @ 14:41:26.553","82.435%"
"Oct 6, 2021 @ 14:41:25.553","79.715%"
"Oct 6, 2021 @ 14:41:24.553","75.965%"
"Oct 6, 2021 @ 14:41:23.553","76.6%"
"Oct 6, 2021 @ 14:41:22.553","76.64500000000001%"
"Oct 6, 2021 @ 14:41:21.553","75.705%"
"Oct 6, 2021 @ 14:41:20.553","80.025%"
"Oct 6, 2021 @ 14:41:19.553","76.32499999999999%"
"Oct 6, 2021 @ 14:41:18.553","73.44999999999999%"
"Oct 6, 2021 @ 14:41:17.553","74.4%"
"Oct 6, 2021 @ 14:41:16.553","76.725%"
"Oct 6, 2021 @ 14:41:15.553","78.945%"
"Oct 6, 2021 @ 14:41:14.553","78.605%"
"Oct 6, 2021 @ 14:41:13.553","81.12%"
"Oct 6, 2021 @ 14:41:12.553","79.53999999999999%"
"Oct 6, 2021 @ 14:41:11.553","77.445%"
"Oct 6, 2021 @ 14:41:10.553","75.275%"
"Oct 6, 2021 @ 14:41:09.553","78.45%"
"Oct 6, 2021 @ 14:41:08.553","75.85%"
"Oct 6, 2021 @ 14:41:07.553","74.44%"
"Oct 6, 2021 @ 14:41:06.553","73.625%"
"Oct 6, 2021 @ 14:41:05.553","76.21000000000001%"
"Oct 6, 2021 @ 14:41:04.553","74.39%"
"Oct 6, 2021 @ 14:41:03.553","78.525%"
"Oct 6, 2021 @ 14:41:02.553","79.94%"
"Oct 6, 2021 @ 14:41:01.553","77.78999999999999%"
"Oct 6, 2021 @ 14:41:00.553","75.405%"
"Oct 6, 2021 @ 14:40:59.553","75.43%"
"Oct 6, 2021 @ 14:40:58.553","76.38%"
"Oct 6, 2021 @ 14:40:57.553","77.045%"
"Oct 6, 2021 @ 14:40:56.553","77.66999999999999%"
"Oct 6, 2021 @ 14:40:55.557","76.53999999999999%"
"Oct 6, 2021 @ 14:40:54.553","76.525%"
"Oct 6, 2021 @ 14:40:53.553","73.6%"
"Oct 6, 2021 @ 14:40:52.553","76.14%"
"Oct 6, 2021 @ 14:40:51.553","72.19999999999999%"
"Oct 6, 2021 @ 14:40:50.553","71.905%"
"Oct 6, 2021 @ 14:40:49.553","69.335%"
"Oct 6, 2021 @ 14:40:48.553","69.97%"
"Oct 6, 2021 @ 14:40:47.553","68.795%"
"Oct 6, 2021 @ 14:40:46.553","70.91999999999999%"
"Oct 6, 2021 @ 14:40:45.553","69.05%"
"Oct 6, 2021 @ 14:40:44.553","70.425%"
"Oct 6, 2021 @ 14:40:43.553","69.655%"
"Oct 6, 2021 @ 14:40:42.553","68.82%"
"Oct 6, 2021 @ 14:40:41.553","74.86%"
"Oct 6, 2021 @ 14:40:40.553","77.59%"
"Oct 6, 2021 @ 14:40:39.553","79.505%"
"Oct 6, 2021 @ 14:40:38.553","81.805%"
"Oct 6, 2021 @ 14:40:37.553","78.445%"
"Oct 6, 2021 @ 14:40:36.553","74.39500000000001%"
"Oct 6, 2021 @ 14:40:35.553","65.265%"
"Oct 6, 2021 @ 14:40:34.553","46.760000000000005%"
"Oct 6, 2021 @ 14:40:33.553","54.43%"
"Oct 6, 2021 @ 14:40:32.553","54.155%"
"Oct 6, 2021 @ 14:40:31.553","49.775%"
"Oct 6, 2021 @ 14:40:30.553","48.78%"
"Oct 6, 2021 @ 14:40:29.553","49.875%"
"Oct 6, 2021 @ 14:40:28.553","49.94%"
"Oct 6, 2021 @ 14:40:27.553","50.195%"
"Oct 6, 2021 @ 14:40:26.553","48.385000000000005%"
"Oct 6, 2021 @ 14:40:25.553","48.785%"
"Oct 6, 2021 @ 14:40:24.553","48.075%"
"Oct 6, 2021 @ 14:40:23.553","47.004999999999995%"
"Oct 6, 2021 @ 14:40:22.553","46.375%"
"Oct 6, 2021 @ 14:40:21.553","49.285%"
"Oct 6, 2021 @ 14:40:20.553","44.03%"
"Oct 6, 2021 @ 14:40:19.553","43.455%"
"Oct 6, 2021 @ 14:40:18.553","46.415%"
"Oct 6, 2021 @ 14:40:17.553","47.525000000000006%"
"Oct 6, 2021 @ 14:40:16.553","52.235%"
"Oct 6, 2021 @ 14:40:15.553","48.54%"
"Oct 6, 2021 @ 14:40:14.553","43.510000000000005%"
"Oct 6, 2021 @ 14:40:13.553","48.225%"
"Oct 6, 2021 @ 14:40:12.553","49.769999999999996%"
"Oct 6, 2021 @ 14:40:11.553","50.185%"
"Oct 6, 2021 @ 14:40:10.553","46.915%"
"Oct 6, 2021 @ 14:40:09.553","44.095%"
"Oct 6, 2021 @ 14:40:08.553","49.730000000000004%"
"Oct 6, 2021 @ 14:40:07.553","49.1%"
"Oct 6, 2021 @ 14:40:06.553","45.265%"
"Oct 6, 2021 @ 14:40:05.553","45.5%"
"Oct 6, 2021 @ 14:40:04.553","42.55%"
"Oct 6, 2021 @ 14:40:03.553","45.375%"
"Oct 6, 2021 @ 14:40:02.553","44.295%"
"Oct 6, 2021 @ 14:40:01.553","43.845%"
"Oct 6, 2021 @ 14:40:00.553","43.8%"
"Oct 6, 2021 @ 14:39:59.553","41.69%"
"Oct 6, 2021 @ 14:39:58.553","42.335%"
"Oct 6, 2021 @ 14:39:57.553","44.115%"
"Oct 6, 2021 @ 14:39:56.553","44.1%"
"Oct 6, 2021 @ 14:39:55.553","49.655%"
"Oct 6, 2021 @ 14:39:54.553","46.22%"
"Oct 6, 2021 @ 14:39:53.553","45.32%"
"Oct 6, 2021 @ 14:39:52.553","42.239999999999995%"
"Oct 6, 2021 @ 14:39:51.553","48.09%"
"Oct 6, 2021 @ 14:39:50.553","48.91%"
"Oct 6, 2021 @ 14:39:49.553","44.81%"
"Oct 6, 2021 @ 14:39:48.553","43.95%"
"Oct 6, 2021 @ 14:39:47.553","43.775%"
"Oct 6, 2021 @ 14:39:46.553","50.129999999999995%"
"Oct 6, 2021 @ 14:39:45.553","47.519999999999996%"
"Oct 6, 2021 @ 14:39:44.553","44.614999999999995%"
"Oct 6, 2021 @ 14:39:43.553","45.055%"
"Oct 6, 2021 @ 14:39:42.553","44.8%"
"Oct 6, 2021 @ 14:39:41.553","44.599999999999994%"
"Oct 6, 2021 @ 14:39:40.553","41.735%"
"Oct 6, 2021 @ 14:39:39.553","43.705%"
"Oct 6, 2021 @ 14:39:38.553","43.305%"
"Oct 6, 2021 @ 14:39:37.553","42.505%"
"Oct 6, 2021 @ 14:39:36.553","41.870000000000005%"
"Oct 6, 2021 @ 14:39:35.553","43.405%"
"Oct 6, 2021 @ 14:39:34.553","47.185%"
"Oct 6, 2021 @ 14:39:33.553","50.565%"
"Oct 6, 2021 @ 14:39:32.553","45.510000000000005%"
"Oct 6, 2021 @ 14:39:31.553","41.32%"
"Oct 6, 2021 @ 14:39:30.553","42.04%"
"Oct 6, 2021 @ 14:39:29.553","47.099999999999994%"
"Oct 6, 2021 @ 14:39:28.553","46.055%"
"Oct 6, 2021 @ 14:39:27.553","45.705%"
"Oct 6, 2021 @ 14:39:26.553","42.12%"
"Oct 6, 2021 @ 14:39:25.553","45.42%"
"Oct 6, 2021 @ 14:39:24.553","49.205%"
"Oct 6, 2021 @ 14:39:23.553","61.504999999999995%"
"Oct 6, 2021 @ 14:39:22.553","62.209999999999994%"
"Oct 6, 2021 @ 14:39:21.553","62.29%"
"Oct 6, 2021 @ 14:39:20.553","62.805%"
"Oct 6, 2021 @ 14:39:19.553","61.04%"
"Oct 6, 2021 @ 14:39:18.553","61.525000000000006%"
"Oct 6, 2021 @ 14:39:17.553","66.03999999999999%"
"Oct 6, 2021 @ 14:39:16.553","66.795%"
"Oct 6, 2021 @ 14:39:15.553","67.07%"
"Oct 6, 2021 @ 14:39:14.553","65.375%"
"Oct 6, 2021 @ 14:39:13.553","66.77%"
"Oct 6, 2021 @ 14:39:12.553","65.245%"
"Oct 6, 2021 @ 14:39:11.553","69.00999999999999%"
"Oct 6, 2021 @ 14:39:10.553","65.58%"
"Oct 6, 2021 @ 14:39:09.553","62.465%"
"Oct 6, 2021 @ 14:39:08.553","60.4%"
"Oct 6, 2021 @ 14:39:07.553","65.715%"
"Oct 6, 2021 @ 14:39:06.553","65.625%"
"Oct 6, 2021 @ 14:39:05.553","64.705%"
"Oct 6, 2021 @ 14:39:04.553","62.71%"
"Oct 6, 2021 @ 14:39:03.553","63.900000000000006%"
"Oct 6, 2021 @ 14:39:02.553","63.86%"
"Oct 6, 2021 @ 14:39:01.553","63.66499999999999%"
"Oct 6, 2021 @ 14:39:00.553","65.455%"
"Oct 6, 2021 @ 14:38:59.553","63.995%"
"Oct 6, 2021 @ 14:38:58.553","62.795%"
"Oct 6, 2021 @ 14:38:57.553","60.769999999999996%"
"Oct 6, 2021 @ 14:38:56.553","60.730000000000004%"
"Oct 6, 2021 @ 14:38:55.553","61.465%"
"Oct 6, 2021 @ 14:38:54.553","60.46%"
"Oct 6, 2021 @ 14:38:53.553","61.89%"
"Oct 6, 2021 @ 14:38:52.553","61.385%"
"Oct 6, 2021 @ 14:38:51.553","62.61%"
"Oct 6, 2021 @ 14:38:50.553","64.015%"
"Oct 6, 2021 @ 14:38:49.553","63.045%"
"Oct 6, 2021 @ 14:38:48.553","61.905%"
"Oct 6, 2021 @ 14:38:47.553","61.99%"
"Oct 6, 2021 @ 14:38:46.553","62.56%"
"Oct 6, 2021 @ 14:38:45.553","65.39500000000001%"
"Oct 6, 2021 @ 14:38:44.553","65.91499999999999%"
"Oct 6, 2021 @ 14:38:43.553","66.31%"
"Oct 6, 2021 @ 14:38:42.553","66.32%"
"Oct 6, 2021 @ 14:38:41.553","65.75%"
"Oct 6, 2021 @ 14:38:40.553","67.66%"
"Oct 6, 2021 @ 14:38:39.553","63.245%"
"Oct 6, 2021 @ 14:38:38.553","60.295%"
"Oct 6, 2021 @ 14:38:37.553","64.715%"
"Oct 6, 2021 @ 14:38:36.553","65.385%"
"Oct 6, 2021 @ 14:38:35.553","61.57%"
"Oct 6, 2021 @ 14:38:34.553","61.455%"
"Oct 6, 2021 @ 14:38:33.553","60.405%"
"Oct 6, 2021 @ 14:38:32.553","63.485%"
"Oct 6, 2021 @ 14:38:31.553","61.56%"
"Oct 6, 2021 @ 14:38:30.553","60.34%"
"Oct 6, 2021 @ 14:38:29.553","62.07%"
"Oct 6, 2021 @ 14:38:28.553","61.135%"
"Oct 6, 2021 @ 14:38:27.553","61.88%"
"Oct 6, 2021 @ 14:38:26.553","60.66%"
"Oct 6, 2021 @ 14:38:25.553","59.985%"
"Oct 6, 2021 @ 14:38:24.553","62.5%"
"Oct 6, 2021 @ 14:38:23.553","62.735%"
"Oct 6, 2021 @ 14:38:22.553","63.95%"
"Oct 6, 2021 @ 14:38:21.553","61.735%"
"Oct 6, 2021 @ 14:38:20.553","61.78%"
"Oct 6, 2021 @ 14:38:19.553","58.1%"
"Oct 6, 2021 @ 14:38:18.553","57.335%"
"Oct 6, 2021 @ 14:38:17.553","57.715%"
"Oct 6, 2021 @ 14:38:16.553","61.59%"
"Oct 6, 2021 @ 14:38:15.553","61.785%"
"Oct 6, 2021 @ 14:38:14.553","59.565%"
"Oct 6, 2021 @ 14:38:13.553","57.725%"
"Oct 6, 2021 @ 14:38:12.553","59.335%"
"Oct 6, 2021 @ 14:38:11.553","60.385000000000005%"
"Oct 6, 2021 @ 14:38:10.553","58.045%"
"Oct 6, 2021 @ 14:38:09.553","58.305%"
"Oct 6, 2021 @ 14:38:08.553","56.69%"
"Oct 6, 2021 @ 14:38:07.553","62.295%"
"Oct 6, 2021 @ 14:38:06.553","64.985%"
"Oct 6, 2021 @ 14:38:05.553","61.14%"
"Oct 6, 2021 @ 14:38:04.553","59.480000000000004%"
"Oct 6, 2021 @ 14:38:03.553","52.945%"
"Oct 6, 2021 @ 14:38:02.553","36.245000000000005%"
"Oct 6, 2021 @ 14:38:01.553","36.754999999999995%"
"Oct 6, 2021 @ 14:38:00.553","38.085%"
"Oct 6, 2021 @ 14:37:59.553","34.205%"
"Oct 6, 2021 @ 14:37:58.553","34.58%"
"Oct 6, 2021 @ 14:37:57.553","36.695%"
"Oct 6, 2021 @ 14:37:56.553","36.49%"
"Oct 6, 2021 @ 14:37:55.553","36.035%"
"Oct 6, 2021 @ 14:37:54.553","33.375%"
"Oct 6, 2021 @ 14:37:53.553","34.94%"
"Oct 6, 2021 @ 14:37:52.553","37.095%"
"Oct 6, 2021 @ 14:37:51.553","36.065%"
"Oct 6, 2021 @ 14:37:50.553","34.465%"
"Oct 6, 2021 @ 14:37:49.553","33.805%"
"Oct 6, 2021 @ 14:37:48.553","32.81%"
"Oct 6, 2021 @ 14:37:47.553","33.345%"
"Oct 6, 2021 @ 14:37:46.553","37.58%"
"Oct 6, 2021 @ 14:37:45.553","34.87%"
"Oct 6, 2021 @ 14:37:44.553","35.905%"
"Oct 6, 2021 @ 14:37:43.553","34.92%"
"Oct 6, 2021 @ 14:37:42.553","36.815%"
"Oct 6, 2021 @ 14:37:41.553","36.265%"
"Oct 6, 2021 @ 14:37:40.553","37.230000000000004%"
"Oct 6, 2021 @ 14:37:39.553","36.535%"
"Oct 6, 2021 @ 14:37:38.553","35.82%"
"Oct 6, 2021 @ 14:37:37.553","37.535%"
"Oct 6, 2021 @ 14:37:36.553","37.765%"
"Oct 6, 2021 @ 14:37:35.553","38.53%"
"Oct 6, 2021 @ 14:37:34.553","36.555%"
"Oct 6, 2021 @ 14:37:33.553","36.775%"
"Oct 6, 2021 @ 14:37:32.553","38.25%"
"Oct 6, 2021 @ 14:37:31.553","41.935%"
"Oct 6, 2021 @ 14:37:30.553","38.49%"
"Oct 6, 2021 @ 14:37:29.553","40.205%"
"Oct 6, 2021 @ 14:37:28.553","50.805%"
"Oct 6, 2021 @ 14:37:27.553","47.665%"
"Oct 6, 2021 @ 14:37:26.553","47.519999999999996%"
"Oct 6, 2021 @ 14:37:25.553","46.055%"
"Oct 6, 2021 @ 14:37:24.553","44.995000000000005%"
"Oct 6, 2021 @ 14:37:23.553","46.510000000000005%"
"Oct 6, 2021 @ 14:37:22.553","45.67%"
"Oct 6, 2021 @ 14:37:21.553","44.39%"
"Oct 6, 2021 @ 14:37:20.553","44.629999999999995%"
"Oct 6, 2021 @ 14:37:19.553","45.705%"
"Oct 6, 2021 @ 14:37:18.553","54.79%"
"Oct 6, 2021 @ 14:37:17.553","52.46%"
"Oct 6, 2021 @ 14:37:16.553","50.745000000000005%"
"Oct 6, 2021 @ 14:37:15.553","48.185%"
"Oct 6, 2021 @ 14:37:14.553","46.28%"
"Oct 6, 2021 @ 14:37:13.553","47.489999999999995%"
"Oct 6, 2021 @ 14:37:12.553","46.295%"
"Oct 6, 2021 @ 14:37:11.553","43.004999999999995%"
"Oct 6, 2021 @ 14:37:10.553","41.905%"
"Oct 6, 2021 @ 14:37:09.553","43.275000000000006%"
"Oct 6, 2021 @ 14:37:08.553","42.425%"
"Oct 6, 2021 @ 14:37:07.553","42.075%"
"Oct 6, 2021 @ 14:37:06.553","41.53%"
"Oct 6, 2021 @ 14:37:05.553","40.254999999999995%"
"Oct 6, 2021 @ 14:37:04.553","43.47%"
"Oct 6, 2021 @ 14:37:03.553","41.2%"
"Oct 6, 2021 @ 14:37:02.553","38.66%"
"Oct 6, 2021 @ 14:37:01.553","39.754999999999995%"
"Oct 6, 2021 @ 14:37:00.553","40.44%"
"Oct 6, 2021 @ 14:36:59.553","42.045%"
"Oct 6, 2021 @ 14:36:58.553","42.64%"
"Oct 6, 2021 @ 14:36:57.553","44.41%"
"Oct 6, 2021 @ 14:36:56.553","49.34%"
"Oct 6, 2021 @ 14:36:55.553","54.239999999999995%"
"Oct 6, 2021 @ 14:36:54.553","61.675%"
"Oct 6, 2021 @ 14:36:53.553","61.394999999999996%"
"Oct 6, 2021 @ 14:36:52.553","59.505%"
"Oct 6, 2021 @ 14:36:51.553","60.175%"
"Oct 6, 2021 @ 14:36:50.553","61.94%"
"Oct 6, 2021 @ 14:36:49.553","62.295%"
"Oct 6, 2021 @ 14:36:48.553","61.144999999999996%"
"Oct 6, 2021 @ 14:36:47.553","59.67%"
"Oct 6, 2021 @ 14:36:46.553","58.55%"
"Oct 6, 2021 @ 14:36:45.553","60.15%"
"Oct 6, 2021 @ 14:36:44.553","62.385%"
"Oct 6, 2021 @ 14:36:43.553","60.675%"
"Oct 6, 2021 @ 14:36:42.553","60.56%"
"Oct 6, 2021 @ 14:36:41.553","59.215%"
"Oct 6, 2021 @ 14:36:40.553","63.485%"
"Oct 6, 2021 @ 14:36:39.553","70.725%"
"Oct 6, 2021 @ 14:36:38.553","71.49000000000001%"
"Oct 6, 2021 @ 14:36:37.553","69.065%"
"Oct 6, 2021 @ 14:36:36.553","66.215%"
"Oct 6, 2021 @ 14:36:35.553","65.975%"
"Oct 6, 2021 @ 14:36:34.553","65.83%"
"Oct 6, 2021 @ 14:36:33.553","65.94999999999999%"
"Oct 6, 2021 @ 14:36:32.553","69.215%"
"Oct 6, 2021 @ 14:36:31.553","69.345%"
"Oct 6, 2021 @ 14:36:30.553","65.555%"
"Oct 6, 2021 @ 14:36:29.553","65.87%"
"Oct 6, 2021 @ 14:36:28.553","66.25%"
"Oct 6, 2021 @ 14:36:27.553","63.58%"
"Oct 6, 2021 @ 14:36:26.553","62.14%"
"Oct 6, 2021 @ 14:36:25.553","65.025%"
"Oct 6, 2021 @ 14:36:24.553","64.81%"
"Oct 6, 2021 @ 14:36:23.554","64.67%"
"Oct 6, 2021 @ 14:36:22.553","65.02%"
"Oct 6, 2021 @ 14:36:21.553","67.5%"
"Oct 6, 2021 @ 14:36:20.553","67.42500000000001%"
"Oct 6, 2021 @ 14:36:19.553","67.765%"
"Oct 6, 2021 @ 14:36:18.553","66.96000000000001%"
"Oct 6, 2021 @ 14:36:17.553","66.10499999999999%"
"Oct 6, 2021 @ 14:36:16.553","67.205%"
"Oct 6, 2021 @ 14:36:15.553","78.91%"
"Oct 6, 2021 @ 14:36:14.553","75.925%"
"Oct 6, 2021 @ 14:36:13.553","75.97999999999999%"
"Oct 6, 2021 @ 14:36:12.553","74.815%"
"Oct 6, 2021 @ 14:36:11.553","77.015%"
"Oct 6, 2021 @ 14:36:10.553","76.565%"
"Oct 6, 2021 @ 14:36:09.553","75.5%"
"Oct 6, 2021 @ 14:36:08.553","74.82499999999999%"
"Oct 6, 2021 @ 14:36:07.553","74.91%"
"Oct 6, 2021 @ 14:36:06.553","74.12%"
"Oct 6, 2021 @ 14:36:05.553","75.515%"
"Oct 6, 2021 @ 14:36:04.553","74.265%"
"Oct 6, 2021 @ 14:36:03.553","75.97%"
"Oct 6, 2021 @ 14:36:02.553","76.35499999999999%"
"Oct 6, 2021 @ 14:36:01.553","76.16499999999999%"
"Oct 6, 2021 @ 14:36:00.553","73.505%"
"Oct 6, 2021 @ 14:35:59.553","78.92%"
"Oct 6, 2021 @ 14:35:58.553","84.33%"
"Oct 6, 2021 @ 14:35:57.553","83.735%"
"Oct 6, 2021 @ 14:35:56.553","81.88499999999999%"
"Oct 6, 2021 @ 14:35:55.553","78.065%"
"Oct 6, 2021 @ 14:35:54.553","77.11500000000001%"
"Oct 6, 2021 @ 14:35:53.553","73.36%"
"Oct 6, 2021 @ 14:35:52.553","72.055%"
"Oct 6, 2021 @ 14:35:51.553","72.815%"
"Oct 6, 2021 @ 14:35:50.553","76.45500000000001%"
"Oct 6, 2021 @ 14:35:49.553","74.65%"
"Oct 6, 2021 @ 14:35:48.553","72.33000000000001%"
"Oct 6, 2021 @ 14:35:47.553","69.7%"
"Oct 6, 2021 @ 14:35:46.553","69.80000000000001%"
"Oct 6, 2021 @ 14:35:45.553","73.55%"
"Oct 6, 2021 @ 14:35:44.553","72.875%"
"Oct 6, 2021 @ 14:35:43.553","72.34%"
"Oct 6, 2021 @ 14:35:42.553","72.265%"
"Oct 6, 2021 @ 14:35:41.553","72.57499999999999%"
"Oct 6, 2021 @ 14:35:40.553","70.375%"
"Oct 6, 2021 @ 14:35:39.553","71.135%"
"Oct 6, 2021 @ 14:35:38.553","71.18%"
"Oct 6, 2021 @ 14:35:37.553","69.815%"
"Oct 6, 2021 @ 14:35:36.553","70.535%"
"Oct 6, 2021 @ 14:35:35.553","70.325%"
"Oct 6, 2021 @ 14:35:34.553","72.005%"
"Oct 6, 2021 @ 14:35:33.553","69.58%"
"Oct 6, 2021 @ 14:35:32.553","69.745%"
"Oct 6, 2021 @ 14:35:31.553","70.31%"
"Oct 6, 2021 @ 14:35:30.553","68.675%"
"Oct 6, 2021 @ 14:35:29.553","70.765%"
"Oct 6, 2021 @ 14:35:28.553","73.11%"
"Oct 6, 2021 @ 14:35:27.553","70.36%"
"Oct 6, 2021 @ 14:35:26.553","68.96000000000001%"
"Oct 6, 2021 @ 14:35:25.553","68.91499999999999%"
"Oct 6, 2021 @ 14:35:24.553","70.56%"
"Oct 6, 2021 @ 14:35:23.553","72.015%"
"Oct 6, 2021 @ 14:35:22.553","70.02%"
"Oct 6, 2021 @ 14:35:21.553","67.83500000000001%"
"Oct 6, 2021 @ 14:35:20.553","68.64500000000001%"
"Oct 6, 2021 @ 14:35:19.553","73.345%"
"Oct 6, 2021 @ 14:35:18.553","70.775%"
"Oct 6, 2021 @ 14:35:17.553","71.78%"
"Oct 6, 2021 @ 14:35:16.553","69.14%"
"Oct 6, 2021 @ 14:35:15.553","70.6%"
"Oct 6, 2021 @ 14:35:14.553","71.87%"
"Oct 6, 2021 @ 14:35:13.553","70.74000000000001%"
"Oct 6, 2021 @ 14:35:12.553","73.055%"
"Oct 6, 2021 @ 14:35:11.553","71.035%"
"Oct 6, 2021 @ 14:35:10.553","67.875%"
"Oct 6, 2021 @ 14:35:09.553","68.03%"
"Oct 6, 2021 @ 14:35:08.553","68.41499999999999%"
"Oct 6, 2021 @ 14:35:07.553","69.935%"
"Oct 6, 2021 @ 14:35:06.553","71.815%"
"Oct 6, 2021 @ 14:35:05.553","68.78999999999999%"
"Oct 6, 2021 @ 14:35:04.553","69.285%"
"Oct 6, 2021 @ 14:35:03.553","68.9%"
"Oct 6, 2021 @ 14:35:02.553","69.55%"
"Oct 6, 2021 @ 14:35:01.553","67.56%"
"Oct 6, 2021 @ 14:35:00.553","68.93%"
"Oct 6, 2021 @ 14:34:59.553","66.45%"
"Oct 6, 2021 @ 14:34:58.553","68.84%"
"Oct 6, 2021 @ 14:34:57.553","66.575%"
"Oct 6, 2021 @ 14:34:56.553","66.045%"
"Oct 6, 2021 @ 14:34:55.553","66.205%"
"Oct 6, 2021 @ 14:34:54.553","65.23%"
"Oct 6, 2021 @ 14:34:53.553","66.52000000000001%"
"Oct 6, 2021 @ 14:34:52.553","64.465%"
"Oct 6, 2021 @ 14:34:51.553","68.015%"
"Oct 6, 2021 @ 14:34:50.553","66.815%"
"Oct 6, 2021 @ 14:34:49.553","63.55499999999999%"
"Oct 6, 2021 @ 14:34:48.553","65.725%"
"Oct 6, 2021 @ 14:34:47.553","65.8%"
"Oct 6, 2021 @ 14:34:46.553","64.87%"
"Oct 6, 2021 @ 14:34:45.553","67.085%"
"Oct 6, 2021 @ 14:34:44.553","65.28%"
"Oct 6, 2021 @ 14:34:43.553","64.67%"
"Oct 6, 2021 @ 14:34:42.553","64.775%"
"Oct 6, 2021 @ 14:34:41.553","67.175%"
"Oct 6, 2021 @ 14:34:40.554","65.77000000000001%"
"Oct 6, 2021 @ 14:34:39.553","66.62%"
"Oct 6, 2021 @ 14:34:38.553","66.78999999999999%"
"Oct 6, 2021 @ 14:34:37.553","65.58000000000001%"
"Oct 6, 2021 @ 14:34:36.553","64.24%"
"Oct 6, 2021 @ 14:34:35.553","63.165%"
"Oct 6, 2021 @ 14:34:34.553","66.41499999999999%"
"Oct 6, 2021 @ 14:34:33.553","65.22999999999999%"
"Oct 6, 2021 @ 14:34:32.553","63.455%"
"Oct 6, 2021 @ 14:34:31.553","60.519999999999996%"
"Oct 6, 2021 @ 14:34:30.553","63.525%"
"Oct 6, 2021 @ 14:34:29.553","60.665%"
"Oct 6, 2021 @ 14:34:28.553","61.535%"
"Oct 6, 2021 @ 14:34:27.553","61.93%"
"Oct 6, 2021 @ 14:34:26.553","61.015%"
"Oct 6, 2021 @ 14:34:25.553","61.86%"
"Oct 6, 2021 @ 14:34:24.553","68.03999999999999%"
"Oct 6, 2021 @ 14:34:23.553","67.12%"
"Oct 6, 2021 @ 14:34:22.553","64.0%"
"Oct 6, 2021 @ 14:34:21.553","61.73%"
"Oct 6, 2021 @ 14:34:20.553","59.9%"
"Oct 6, 2021 @ 14:34:19.553","62.315%"
"Oct 6, 2021 @ 14:34:18.553","64.735%"
"Oct 6, 2021 @ 14:34:17.554","63.555%"
"Oct 6, 2021 @ 14:34:16.553","60.745%"
"Oct 6, 2021 @ 14:34:15.553","65.735%"
"Oct 6, 2021 @ 14:34:14.553","63.225%"
"Oct 6, 2021 @ 14:34:13.553","65.18%"
"Oct 6, 2021 @ 14:34:12.553","61.68000000000001%"
"Oct 6, 2021 @ 14:34:11.553","63.334999999999994%"
"Oct 6, 2021 @ 14:34:10.553","59.51%"
"Oct 6, 2021 @ 14:34:09.553","61.025%"
"Oct 6, 2021 @ 14:34:08.553","61.675%"
"Oct 6, 2021 @ 14:34:07.553","59.82%"
"Oct 6, 2021 @ 14:34:06.553","56.985%"
"Oct 6, 2021 @ 14:34:05.553","60.925%"
"Oct 6, 2021 @ 14:34:04.553","61.7%"
"Oct 6, 2021 @ 14:34:03.553","63.16%"
"Oct 6, 2021 @ 14:34:02.553","59.345%"
"Oct 6, 2021 @ 14:34:01.553","62.81%"
"Oct 6, 2021 @ 14:34:00.553","60.995%"
"Oct 6, 2021 @ 14:33:59.553","62.175%"
"Oct 6, 2021 @ 14:33:58.553","62.975%"
"Oct 6, 2021 @ 14:33:57.553","60.135%"
"Oct 6, 2021 @ 14:33:56.553","59.980000000000004%"
"Oct 6, 2021 @ 14:33:55.553","59.07%"
"Oct 6, 2021 @ 14:33:54.553","61.83%"
"Oct 6, 2021 @ 14:33:53.553","60.135%"
"Oct 6, 2021 @ 14:33:52.553","59.864999999999995%"
"Oct 6, 2021 @ 14:33:51.553","57.8%"
"Oct 6, 2021 @ 14:33:50.553","59.629999999999995%"
"Oct 6, 2021 @ 14:33:49.553","61.650000000000006%"
"Oct 6, 2021 @ 14:33:48.553","59.370000000000005%"
"Oct 6, 2021 @ 14:33:47.553","59.39%"
"Oct 6, 2021 @ 14:33:46.553","55.57%"
"Oct 6, 2021 @ 14:33:45.553","53.545%"
"Oct 6, 2021 @ 14:33:44.553","57.085%"
"Oct 6, 2021 @ 14:33:43.553","60.18000000000001%"
"Oct 6, 2021 @ 14:33:42.553","56.965%"
"Oct 6, 2021 @ 14:33:41.553","56.065%"
"Oct 6, 2021 @ 14:33:40.553","52.175%"
"Oct 6, 2021 @ 14:33:39.553","55.760000000000005%"
"Oct 6, 2021 @ 14:33:38.553","56.980000000000004%"
"Oct 6, 2021 @ 14:33:37.553","56.31999999999999%"
"Oct 6, 2021 @ 14:33:36.553","49.375%"
"Oct 6, 2021 @ 14:33:35.553","53.459999999999994%"
"Oct 6, 2021 @ 14:33:34.553","52.84%"
"Oct 6, 2021 @ 14:33:33.553","54.64%"
"Oct 6, 2021 @ 14:33:32.553","53.285%"
"Oct 6, 2021 @ 14:33:31.553","53.495000000000005%"
"Oct 6, 2021 @ 14:33:30.553","54.525%"
"Oct 6, 2021 @ 14:33:29.553","53.620000000000005%"
"Oct 6, 2021 @ 14:33:28.553","55.045%"
"Oct 6, 2021 @ 14:33:27.553","51.695%"
"Oct 6, 2021 @ 14:33:26.553","53.760000000000005%"
"Oct 6, 2021 @ 14:33:25.553","48.185%"
"Oct 6, 2021 @ 14:33:24.553","47.730000000000004%"
"Oct 6, 2021 @ 14:33:23.553","50.935%"
"Oct 6, 2021 @ 14:33:22.553","54.05%"
"Oct 6, 2021 @ 14:33:21.553","56.629999999999995%"
"Oct 6, 2021 @ 14:33:20.553","52.120000000000005%"
"Oct 6, 2021 @ 14:33:19.553","51.28%"
"Oct 6, 2021 @ 14:33:18.553","54.22%"
"Oct 6, 2021 @ 14:33:17.553","58.265%"
"Oct 6, 2021 @ 14:33:16.553","60.205%"
"Oct 6, 2021 @ 14:33:15.553","58.575%"
"Oct 6, 2021 @ 14:33:14.553","53.78%"
"Oct 6, 2021 @ 14:33:13.553","55.230000000000004%"
"Oct 6, 2021 @ 14:33:12.553","54.225%"
"Oct 6, 2021 @ 14:33:11.553","55.015%"
"Oct 6, 2021 @ 14:33:10.553","55.045%"
"Oct 6, 2021 @ 14:33:09.553","56.875%"
"Oct 6, 2021 @ 14:33:08.553","53.315%"
"Oct 6, 2021 @ 14:33:07.553","51.28%"
"Oct 6, 2021 @ 14:33:06.553","46.504999999999995%"
"Oct 6, 2021 @ 14:33:05.553","56.629999999999995%"
"Oct 6, 2021 @ 14:33:04.553","55.89%"
"Oct 6, 2021 @ 14:33:03.553","47.735%"
"Oct 6, 2021 @ 14:33:02.553","41.44%"
"Oct 6, 2021 @ 14:33:01.553","45.834999999999994%"
"Oct 6, 2021 @ 14:33:00.553","50.915%"
"Oct 6, 2021 @ 14:32:59.553","46.480000000000004%"
"Oct 6, 2021 @ 14:32:58.553","49.605000000000004%"
"Oct 6, 2021 @ 14:32:57.553","48.39%"
"Oct 6, 2021 @ 14:32:56.553","53.325%"
"Oct 6, 2021 @ 14:32:55.553","51.1%"
"Oct 6, 2021 @ 14:32:54.553","52.5%"
"Oct 6, 2021 @ 14:32:53.553","47.79%"
"Oct 6, 2021 @ 14:32:52.553","51.540000000000006%"
"Oct 6, 2021 @ 14:32:51.553","44.34%"
"Oct 6, 2021 @ 14:32:50.553","43.245000000000005%"
"Oct 6, 2021 @ 14:32:49.553","46.18%"
"Oct 6, 2021 @ 14:32:48.553","48.765%"
"Oct 6, 2021 @ 14:32:47.553","50.91%"
"Oct 6, 2021 @ 14:32:46.553","37.915000000000006%"
"Oct 6, 2021 @ 14:32:45.553","38.465%"
"Oct 6, 2021 @ 14:32:44.553","43.28%"
"Oct 6, 2021 @ 14:32:43.553","47.695%"
"Oct 6, 2021 @ 14:32:42.553","43.004999999999995%"
"Oct 6, 2021 @ 14:32:41.553","41.095%"
"Oct 6, 2021 @ 14:32:40.553","40.79%"
"Oct 6, 2021 @ 14:32:39.553","48.75%"
"Oct 6, 2021 @ 14:32:38.553","40.989999999999995%"
"Oct 6, 2021 @ 14:32:37.553","47.81%"
"Oct 6, 2021 @ 14:32:36.553","49.095%"
"Oct 6, 2021 @ 14:32:35.553","40.815%"
"Oct 6, 2021 @ 14:32:34.553","19.625%"
"Oct 6, 2021 @ 14:32:33.553","54.365%"
"Oct 6, 2021 @ 14:32:32.553","52.239999999999995%"
"Oct 6, 2021 @ 14:32:31.553","51.599999999999994%"
"Oct 6, 2021 @ 14:32:30.553","34.93%"
"Oct 6, 2021 @ 14:32:29.553","15.79%"
"Oct 6, 2021 @ 14:32:28.553","14.29%"
"Oct 6, 2021 @ 14:32:27.553","14.955%"
"Oct 6, 2021 @ 14:32:26.553","14.629999999999999%"
"Oct 6, 2021 @ 14:32:25.553","18.104999999999997%"
"Oct 6, 2021 @ 14:32:24.553","17.3%"
"Oct 6, 2021 @ 14:32:23.553","14.925%"
"Oct 6, 2021 @ 14:32:22.553","15.05%"
"Oct 6, 2021 @ 14:32:21.553","15.719999999999999%"
"Oct 6, 2021 @ 14:32:20.553","19.595%"
"Oct 6, 2021 @ 14:32:19.553","16.505000000000003%"
"Oct 6, 2021 @ 14:32:18.553","14.235%"
"Oct 6, 2021 @ 14:32:17.553","17.225%"
"Oct 6, 2021 @ 14:32:16.553","16.295%"
"Oct 6, 2021 @ 14:32:15.553","16.935000000000002%"
"Oct 6, 2021 @ 14:32:14.553","15.43%"
"Oct 6, 2021 @ 14:32:13.553","17.675%"
"Oct 6, 2021 @ 14:32:12.553","14.34%"
"Oct 6, 2021 @ 14:32:11.553","16.58%"
"Oct 6, 2021 @ 14:32:10.553","18.79%"
"Oct 6, 2021 @ 14:32:09.553","17.0%"
"Oct 6, 2021 @ 14:32:08.553","14.015%"
"Oct 6, 2021 @ 14:32:07.553","27.345%"
"Oct 6, 2021 @ 14:32:06.553","40.32%"
"Oct 6, 2021 @ 14:32:05.553","52.11%"
"Oct 6, 2021 @ 14:32:04.553","51.709999999999994%"
"Oct 6, 2021 @ 14:32:03.553","44.355000000000004%"
"Oct 6, 2021 @ 14:32:02.553","41.894999999999996%"
"Oct 6, 2021 @ 14:32:01.553","48.465%"
"Oct 6, 2021 @ 14:32:00.553","50.129999999999995%"
"Oct 6, 2021 @ 14:31:59.553","44.225%"
"Oct 6, 2021 @ 14:31:58.553","42.085%"
"Oct 6, 2021 @ 14:31:57.553","42.724999999999994%"
"Oct 6, 2021 @ 14:31:56.553","46.754999999999995%"
"Oct 6, 2021 @ 14:31:55.553","46.965%"
"Oct 6, 2021 @ 14:31:54.553","36.86%"
"Oct 6, 2021 @ 14:31:53.553","37.125%"
"Oct 6, 2021 @ 14:31:52.553","40.635000000000005%"
"Oct 6, 2021 @ 14:31:51.553","40.675%"
"Oct 6, 2021 @ 14:31:50.553","40.045%"
"Oct 6, 2021 @ 14:31:49.553","36.980000000000004%"
"Oct 6, 2021 @ 14:31:48.553","34.37%"
"Oct 6, 2021 @ 14:31:47.553","40.285%"
"Oct 6, 2021 @ 14:31:46.553","39.76%"
"Oct 6, 2021 @ 14:31:45.553","44.36%"
"Oct 6, 2021 @ 14:31:44.553","39.71%"
"Oct 6, 2021 @ 14:31:43.553","40.91%"
"Oct 6, 2021 @ 14:31:42.553","33.415%"
"Oct 6, 2021 @ 14:31:41.553","35.355%"
"Oct 6, 2021 @ 14:31:40.553","38.515%"
"Oct 6, 2021 @ 14:31:39.553","39.05%"
"Oct 6, 2021 @ 14:31:38.553","35.870000000000005%"
"Oct 6, 2021 @ 14:31:37.553","25.84%"
"Oct 6, 2021 @ 14:31:36.553","29.435%"
"Oct 6, 2021 @ 14:31:35.553","33.795%"
"Oct 6, 2021 @ 14:31:34.553","34.235%"
"Oct 6, 2021 @ 14:31:33.553","34.575%"
"Oct 6, 2021 @ 14:31:32.553","37.68%"
"Oct 6, 2021 @ 14:31:31.553","32.535%"
"Oct 6, 2021 @ 14:31:30.553","37.400000000000006%"
"Oct 6, 2021 @ 14:31:29.553","34.375%"
"Oct 6, 2021 @ 14:31:28.553","34.0%"
"Oct 6, 2021 @ 14:31:27.553","34.16%"
"Oct 6, 2021 @ 14:31:26.553","35.285000000000004%"
"Oct 6, 2021 @ 14:31:25.553","38.685%"
"Oct 6, 2021 @ 14:31:24.553","36.754999999999995%"
"Oct 6, 2021 @ 14:31:23.553","38.05%"
"Oct 6, 2021 @ 14:31:22.553","40.24%"
"Oct 6, 2021 @ 14:31:21.553","39.695%"
"Oct 6, 2021 @ 14:31:20.553","36.36%"
"Oct 6, 2021 @ 14:31:19.553","33.86%"
"Oct 6, 2021 @ 14:31:18.553","33.269999999999996%"
"Oct 6, 2021 @ 14:31:17.553","38.290000000000006%"
"Oct 6, 2021 @ 14:31:16.553","39.28%"
"Oct 6, 2021 @ 14:31:15.553","34.45%"
"Oct 6, 2021 @ 14:31:14.553","33.92%"
"Oct 6, 2021 @ 14:31:13.553","34.525%"
"Oct 6, 2021 @ 14:31:12.553","34.010000000000005%"
"Oct 6, 2021 @ 14:31:11.553","39.14%"
"Oct 6, 2021 @ 14:31:10.553","34.475%"
"Oct 6, 2021 @ 14:31:09.553","33.86%"
"Oct 6, 2021 @ 14:31:08.553","32.415%"
"Oct 6, 2021 @ 14:31:07.553","30.28%"
"Oct 6, 2021 @ 14:31:06.553","35.465%"
"Oct 6, 2021 @ 14:31:05.553","37.06%"
"Oct 6, 2021 @ 14:31:04.553","35.33%"
"Oct 6, 2021 @ 14:31:03.553","32.105000000000004%"
"Oct 6, 2021 @ 14:31:02.553","30.155%"
"Oct 6, 2021 @ 14:31:01.553","31.17%"
"Oct 6, 2021 @ 14:31:00.553","36.415%"
"Oct 6, 2021 @ 14:30:59.553","34.695%"
"Oct 6, 2021 @ 14:30:58.553","38.235%"
"Oct 6, 2021 @ 14:30:57.553","39.209999999999994%"
"Oct 6, 2021 @ 14:30:56.553","33.765%"
"Oct 6, 2021 @ 14:30:55.553","34.265%"
"Oct 6, 2021 @ 14:30:54.553","31.93%"
"Oct 6, 2021 @ 14:30:53.553","33.39%"
"Oct 6, 2021 @ 14:30:52.553","38.535%"
"Oct 6, 2021 @ 14:30:51.553","30.775%"
"Oct 6, 2021 @ 14:30:50.553","32.225%"
"Oct 6, 2021 @ 14:30:49.553","30.04%"
"Oct 6, 2021 @ 14:30:48.553","30.5%"
"Oct 6, 2021 @ 14:30:47.553","33.885000000000005%"
"Oct 6, 2021 @ 14:30:46.553","28.285%"
"Oct 6, 2021 @ 14:30:45.553","28.729999999999997%"
"Oct 6, 2021 @ 14:30:44.553","30.27%"
"Oct 6, 2021 @ 14:30:43.553","30.36%"
"Oct 6, 2021 @ 14:30:42.553","27.29%"
"Oct 6, 2021 @ 14:30:41.553","24.685000000000002%"
"Oct 6, 2021 @ 14:30:40.553","27.515%"
"Oct 6, 2021 @ 14:30:39.553","32.095%"
"Oct 6, 2021 @ 14:30:38.553","33.565%"
"Oct 6, 2021 @ 14:30:37.553","34.595%"
"Oct 6, 2021 @ 14:30:36.553","31.185%"
"Oct 6, 2021 @ 14:30:35.553","25.380000000000003%"
"Oct 6, 2021 @ 14:30:34.553","27.82%"
"Oct 6, 2021 @ 14:30:33.553","22.745%"
"Oct 6, 2021 @ 14:30:32.553","27.759999999999998%"
"Oct 6, 2021 @ 14:30:31.553","28.43%"
"Oct 6, 2021 @ 14:30:30.553","27.26%"
"Oct 6, 2021 @ 14:30:29.553","23.770000000000003%"
"Oct 6, 2021 @ 14:30:28.553","24.42%"
"Oct 6, 2021 @ 14:30:27.553","25.73%"
"Oct 6, 2021 @ 14:30:26.553","25.065%"
"Oct 6, 2021 @ 14:30:25.553","23.385%"
"Oct 6, 2021 @ 14:30:24.553","24.285%"
"Oct 6, 2021 @ 14:30:23.553","22.205000000000002%"
"Oct 6, 2021 @ 14:30:22.553","20.565%"
"Oct 6, 2021 @ 14:30:21.553","19.755%"
"Oct 6, 2021 @ 14:30:20.553","19.14%"
"Oct 6, 2021 @ 14:30:19.553","19.005%"
"Oct 6, 2021 @ 14:30:18.553","18.134999999999998%"
"Oct 6, 2021 @ 14:30:17.553","17.205%"
"Oct 6, 2021 @ 14:30:16.553","16.990000000000002%"
"Oct 6, 2021 @ 14:30:15.553","23.03%"
"Oct 6, 2021 @ 14:30:14.553","29.765%"
"Oct 6, 2021 @ 14:30:13.553","23.535%"
"Oct 6, 2021 @ 14:30:12.553","20.225%"
"Oct 6, 2021 @ 14:30:11.553","22.905%"
"Oct 6, 2021 @ 14:30:10.553","22.509999999999998%"
"Oct 6, 2021 @ 14:30:09.553","28.005%"
"Oct 6, 2021 @ 14:30:08.553","16.99%"
"Oct 6, 2021 @ 14:30:07.553","16.605%"
"Oct 6, 2021 @ 14:30:06.553","14.945%"
"Oct 6, 2021 @ 14:30:05.553","15.855%"
"Oct 6, 2021 @ 14:30:04.553","18.09%"
"Oct 6, 2021 @ 14:30:03.553","13.42%"
"Oct 6, 2021 @ 14:30:02.553","17.305%"
"Oct 6, 2021 @ 14:30:01.553","15.33%"
"Oct 6, 2021 @ 14:30:00.553","15.760000000000002%"
"Oct 6, 2021 @ 14:29:59.553","16.93%"
"Oct 6, 2021 @ 14:29:58.553","14.059999999999999%"
"Oct 6, 2021 @ 14:29:57.553","17.02%"
"Oct 6, 2021 @ 14:29:56.553","15.719999999999999%"
"Oct 6, 2021 @ 14:29:55.553","12.14%"
"Oct 6, 2021 @ 14:29:54.553","14.639999999999999%"
"Oct 6, 2021 @ 14:29:53.553","17.224999999999998%"
"Oct 6, 2021 @ 14:29:52.553","11.735%"
"Oct 6, 2021 @ 14:29:51.553","7.154999999999999%"
"Oct 6, 2021 @ 14:29:50.553","6.995%"
"Oct 6, 2021 @ 14:29:49.553","7.890000000000001%"
"Oct 6, 2021 @ 14:29:48.553","10.780000000000001%"
"Oct 6, 2021 @ 14:29:47.553","9.905000000000001%"
"Oct 6, 2021 @ 14:29:46.553","9.595%"
"Oct 6, 2021 @ 14:29:45.553","10.684999999999999%"
"Oct 6, 2021 @ 14:29:44.553","13.77%"
"Oct 6, 2021 @ 14:29:43.553","14.77%"
"Oct 6, 2021 @ 14:29:42.553","11.45%"
"Oct 6, 2021 @ 14:29:41.553","9.315%"
"Oct 6, 2021 @ 14:29:40.553","11.665%"
"Oct 6, 2021 @ 14:29:39.553","15.555%"
"Oct 6, 2021 @ 14:29:38.553","14.655%"
"Oct 6, 2021 @ 14:29:37.553","15.030000000000001%"
"Oct 6, 2021 @ 14:29:36.553","12.935%"
"Oct 6, 2021 @ 14:29:35.553","13.78%"
"Oct 6, 2021 @ 14:29:34.553","10.785%"
"Oct 6, 2021 @ 14:29:33.553","8.195%"
"Oct 6, 2021 @ 14:29:32.553","2.89%"
"Oct 6, 2021 @ 14:29:31.553","5.825%"
"Oct 6, 2021 @ 14:29:30.553","5.37%"
"Oct 6, 2021 @ 14:29:29.553","7.62%"
"Oct 6, 2021 @ 14:29:28.553","8.735%"
"Oct 6, 2021 @ 14:29:27.553","9.135%"
"Oct 6, 2021 @ 14:29:26.553","7.95%"
"Oct 6, 2021 @ 14:29:25.553","6.665%"
"Oct 6, 2021 @ 14:29:24.553","7.25%"
"Oct 6, 2021 @ 14:29:23.553","14.91%"
"Oct 6, 2021 @ 14:29:22.553","10.905%"
"Oct 6, 2021 @ 14:29:21.553","3.515%"
"Oct 6, 2021 @ 14:29:20.553","2.74%"
"Oct 6, 2021 @ 14:29:19.553","3.245%"
"Oct 6, 2021 @ 14:29:18.553","6.9399999999999995%"
"Oct 6, 2021 @ 14:29:17.553","6.585%"
"Oct 6, 2021 @ 14:29:16.553","4.38%"
"Oct 6, 2021 @ 14:29:15.553","10.575%"
"Oct 6, 2021 @ 14:29:14.553","4.495%"
"Oct 6, 2021 @ 14:29:13.553","2.1%"
"Oct 6, 2021 @ 14:29:12.553","2.08%"
"Oct 6, 2021 @ 14:29:11.553","4.82%"
"Oct 6, 2021 @ 14:29:10.553","8.245000000000001%"
"Oct 6, 2021 @ 14:29:09.553","6.89%"
"Oct 6, 2021 @ 14:29:08.553","1.83%"
"Oct 6, 2021 @ 14:29:07.553","3.31%"
"Oct 6, 2021 @ 14:29:06.553","4.17%"
"Oct 6, 2021 @ 14:29:05.553","9.26%"
"Oct 6, 2021 @ 14:29:04.553","6.47%"
"Oct 6, 2021 @ 14:29:03.553","6.405%"
"Oct 6, 2021 @ 14:29:02.553","2.525%"
"Oct 6, 2021 @ 14:29:01.553","4.545%"
"Oct 6, 2021 @ 14:29:00.553","1.675%"
"Oct 6, 2021 @ 14:28:59.553","4.095000000000001%"
"Oct 6, 2021 @ 14:28:58.553","3.61%"
"Oct 6, 2021 @ 14:28:57.553","2.725%"
"Oct 6, 2021 @ 14:28:56.553","1.145%"
"Oct 6, 2021 @ 14:28:55.553","2.0149999999999997%"
"Oct 6, 2021 @ 14:28:54.553","1.9%"
"Oct 6, 2021 @ 14:28:53.553","2.02%"
"Oct 6, 2021 @ 14:28:52.553","1.37%"
"Oct 6, 2021 @ 14:28:51.553","1.375%"
"Oct 6, 2021 @ 14:28:50.553","0.63%"
"Oct 6, 2021 @ 14:28:49.553","1.875%"
"Oct 6, 2021 @ 14:28:48.553","0.745%"
"Oct 6, 2021 @ 14:28:47.553","0.375%"
"Oct 6, 2021 @ 14:28:46.553","0.5%"
"Oct 6, 2021 @ 14:28:45.553","0.875%"
"Oct 6, 2021 @ 14:28:44.553","2.755%"
"Oct 6, 2021 @ 14:28:43.553","0.375%"
"Oct 6, 2021 @ 14:28:42.553","0.375%"
"Oct 6, 2021 @ 14:28:41.553","0.875%"
"Oct 6, 2021 @ 14:28:40.553","2.2649999999999997%"
"Oct 6, 2021 @ 14:28:39.553","0.0%"
"Oct 6, 2021 @ 14:28:38.553","0.375%"
"Oct 6, 2021 @ 14:28:37.553","1.47%"
"Oct 6, 2021 @ 14:28:36.553","0.125%"
"Oct 6, 2021 @ 14:28:35.553","0.5%"
"Oct 6, 2021 @ 14:28:34.553","0.5%"
"Oct 6, 2021 @ 14:28:33.553","0.75%"
"Oct 6, 2021 @ 14:28:32.553","0.125%"
"Oct 6, 2021 @ 14:28:31.553","0.375%"
"Oct 6, 2021 @ 14:28:30.553","0.25%"
"Oct 6, 2021 @ 14:28:29.553","0.5%"
