"@timestamp","system.memory.used.pct"
"Mar 31, 2021 @ 16:30:17.632","87.63%"
"Mar 31, 2021 @ 16:30:12.632","87.625%"
"Mar 31, 2021 @ 16:30:07.633","87.685%"
"Mar 31, 2021 @ 16:30:02.632","87.63%"
"Mar 31, 2021 @ 16:29:57.633","87.505%"
"Mar 31, 2021 @ 16:29:52.632","87.37%"
"Mar 31, 2021 @ 16:29:47.633","87.32%"
"Mar 31, 2021 @ 16:29:42.632","87.295%"
"Mar 31, 2021 @ 16:29:37.632","87.27%"
"Mar 31, 2021 @ 16:29:32.632","87.255%"
"Mar 31, 2021 @ 16:29:27.632","87.225%"
"Mar 31, 2021 @ 16:29:22.632","87.32%"
"Mar 31, 2021 @ 16:29:17.632","87.14%"
"Mar 31, 2021 @ 16:29:12.632","87.11500000000001%"
"Mar 31, 2021 @ 16:29:07.632","87.075%"
"Mar 31, 2021 @ 16:29:02.633","87.025%"
"Mar 31, 2021 @ 16:28:57.632","86.96000000000001%"
"Mar 31, 2021 @ 16:28:52.632","86.93%"
"Mar 31, 2021 @ 16:28:47.632","86.845%"
"Mar 31, 2021 @ 16:28:42.632","86.77%"
"Mar 31, 2021 @ 16:28:37.632","86.735%"
"Mar 31, 2021 @ 16:28:32.632","86.66499999999999%"
"Mar 31, 2021 @ 16:28:27.632","86.585%"
"Mar 31, 2021 @ 16:28:22.632","86.54%"
"Mar 31, 2021 @ 16:28:17.632","86.44%"
"Mar 31, 2021 @ 16:28:12.632","86.4%"
"Mar 31, 2021 @ 16:28:07.632","86.355%"
"Mar 31, 2021 @ 16:28:02.632","86.285%"
"Mar 31, 2021 @ 16:27:57.633","86.24%"
"Mar 31, 2021 @ 16:27:52.632","86.14500000000001%"
"Mar 31, 2021 @ 16:27:47.632","86.13%"
"Mar 31, 2021 @ 16:27:42.632","86.11%"
"Mar 31, 2021 @ 16:27:37.632","86.09%"
"Mar 31, 2021 @ 16:27:32.632","86.055%"
"Mar 31, 2021 @ 16:27:27.632","86.035%"
"Mar 31, 2021 @ 16:27:22.632","85.995%"
"Mar 31, 2021 @ 16:27:17.632","85.94%"
"Mar 31, 2021 @ 16:27:12.632","85.88499999999999%"
"Mar 31, 2021 @ 16:27:07.632","85.82%"
"Mar 31, 2021 @ 16:27:02.632","85.80000000000001%"
"Mar 31, 2021 @ 16:26:57.632","85.885%"
"Mar 31, 2021 @ 16:26:52.632","85.64500000000001%"
"Mar 31, 2021 @ 16:26:47.632","85.6%"
"Mar 31, 2021 @ 16:26:42.632","85.555%"
"Mar 31, 2021 @ 16:26:37.633","85.47999999999999%"
"Mar 31, 2021 @ 16:26:32.632","85.435%"
"Mar 31, 2021 @ 16:26:27.632","85.375%"
"Mar 31, 2021 @ 16:26:22.632","85.285%"
"Mar 31, 2021 @ 16:26:17.632","85.195%"
"Mar 31, 2021 @ 16:26:12.632","85.12%"
"Mar 31, 2021 @ 16:26:07.632","85.07499999999999%"
"Mar 31, 2021 @ 16:26:02.632","84.985%"
"Mar 31, 2021 @ 16:25:57.632","84.92500000000001%"
"Mar 31, 2021 @ 16:25:52.632","84.88499999999999%"
"Mar 31, 2021 @ 16:25:47.632","84.78999999999999%"
"Mar 31, 2021 @ 16:25:42.632","84.73%"
"Mar 31, 2021 @ 16:25:37.632","84.65%"
"Mar 31, 2021 @ 16:25:32.632","84.58500000000001%"
"Mar 31, 2021 @ 16:25:27.632","84.49000000000001%"
"Mar 31, 2021 @ 16:25:22.632","84.41499999999999%"
"Mar 31, 2021 @ 16:25:17.632","84.36%"
"Mar 31, 2021 @ 16:25:12.632","84.265%"
"Mar 31, 2021 @ 16:25:07.632","84.215%"
"Mar 31, 2021 @ 16:25:02.632","84.16%"
"Mar 31, 2021 @ 16:24:57.632","84.09%"
"Mar 31, 2021 @ 16:24:52.632","84.04%"
"Mar 31, 2021 @ 16:24:47.632","83.92500000000001%"
"Mar 31, 2021 @ 16:24:42.632","83.87%"
"Mar 31, 2021 @ 16:24:37.632","83.80000000000001%"
"Mar 31, 2021 @ 16:24:32.632","83.715%"
"Mar 31, 2021 @ 16:24:27.632","83.64%"
"Mar 31, 2021 @ 16:24:22.632","83.55%"
"Mar 31, 2021 @ 16:24:17.632","83.495%"
"Mar 31, 2021 @ 16:24:12.632","83.425%"
"Mar 31, 2021 @ 16:24:07.632","83.38499999999999%"
"Mar 31, 2021 @ 16:24:02.632","83.33500000000001%"
"Mar 31, 2021 @ 16:23:57.632","83.27000000000001%"
"Mar 31, 2021 @ 16:23:52.632","83.25999999999999%"
"Mar 31, 2021 @ 16:23:47.633","83.255%"
